$date
	Wed Oct  7 14:47:47 2026
$end
$version
	QuestaSim Version 2021.2_1
$end
$timescale
	1ps
$end

$scope module fifo_top $end
$var reg 1 ! clk $end

$scope module dut $end
$var parameter 32 " DATA_WIDTH $end
$var parameter 32 # DEPTH $end
$var parameter 32 $ PTR_WIDTH $end
$var wire 1 % clk $end
$var wire 1 & rst_n $end
$var wire 1 ' wr_en $end
$var wire 1 ( rd_en $end
$var wire 1 ) data_in [7] $end
$var wire 1 * data_in [6] $end
$var wire 1 + data_in [5] $end
$var wire 1 , data_in [4] $end
$var wire 1 - data_in [3] $end
$var wire 1 . data_in [2] $end
$var wire 1 / data_in [1] $end
$var wire 1 0 data_in [0] $end
$var reg 8 1 data_out [7:0] $end
$var reg 1 2 full $end
$var reg 1 3 empty $end
$var reg 5 4 wr_ptr [4:0] $end
$var reg 5 5 rd_ptr [4:0] $end
$var reg 6 6 count [5:0] $end
$upscope $end
$upscope $end
$enddefinitions $end
#0
$dumpvars
0!
bx 1
x2
x3
bx 4
bx 5
bx 6
b1000 "
b100000 #
b101 $
x0
x/
x.
x-
x,
x+
x*
x)
x(
x'
0&
0%
$end
#5000
1!
1%
b0 4
b0 5
b0 1
b0 6
13
02
#6000
0'
0(
00
0/
0.
0-
0,
0+
0*
0)
#10000
0!
0%
#15000
1!
1%
#20000
0!
0%
#25000
1!
1%
#30000
0!
0%
#35000
1!
1%
#40000
0!
0%
#45000
1!
1%
1&
#50000
0!
0%
#55000
1!
1%
#56000
1'
10
1/
1.
1-
1+
#60000
0!
0%
#65000
1!
1%
b1 4
b1 6
03
#66000
0'
1(
0-
1,
1*
#70000
0!
0%
#75000
1!
1%
b0 6
b101111 1
b1 5
13
#76000
1'
0+
0*
1)
#80000
0!
0%
#85000
1!
1%
b10 4
b1 6
03
#86000
0'
0(
0/
0.
1-
0,
1*
0)
#90000
0!
0%
#95000
1!
1%
#96000
1'
1/
1.
#100000
0!
0%
#105000
1!
1%
b11 4
b10 6
#106000
0.
0-
1+
0*
#110000
0!
0%
#115000
1!
1%
b11 6
b100 4
#116000
0'
1(
0/
0+
#120000
0!
0%
#125000
1!
1%
b10010111 1
b10 5
b10 6
#126000
0(
1/
1.
1-
1*
#130000
0!
0%
#135000
1!
1%
#136000
1'
0/
1,
1+
1)
#140000
0!
0%
#145000
1!
1%
b101 4
b11 6
#146000
0'
1(
0-
0,
0+
0)
#150000
0!
0%
#155000
1!
1%
b10 6
b1001111 1
b11 5
#156000
0(
1/
1-
1,
1+
0*
1)
#160000
0!
0%
#165000
1!
1%
#166000
1'
1(
0/
0+
1*
0)
#170000
0!
0%
#175000
1!
1%
b100011 1
b100 5
b110 4
#176000
0(
0,
1+
#180000
0!
0%
#185000
1!
1%
b11 6
b111 4
#186000
1(
1/
0.
1,
0+
#190000
0!
0%
#195000
1!
1%
b1000 4
b11111101 1
b101 5
#196000
00
0,
1)
#200000
0!
0%
#205000
1!
1%
b1001 4
b1011101 1
b110 5
#206000
0'
0(
0/
1,
1+
#210000
0!
0%
#215000
1!
1%
#216000
1(
10
1/
0-
0+
0)
#220000
0!
0%
#225000
1!
1%
b1101101 1
b111 5
b10 6
#226000
0(
00
1-
0,
1)
#230000
0!
0%
#235000
1!
1%
#236000
1'
10
0-
#240000
0!
0%
#245000
1!
1%
b1010 4
b11 6
#246000
00
0/
1-
1,
1+
0*
0)
#250000
0!
0%
#255000
1!
1%
b100 6
b1011 4
#256000
1.
0,
1)
#260000
0!
0%
#265000
1!
1%
b1100 4
b101 6
#266000
0-
0+
#270000
0!
0%
#275000
1!
1%
b110 6
b1101 4
#276000
1(
1-
1+
#280000
0!
0%
#285000
1!
1%
b1110 4
b1011011 1
b1000 5
#286000
0'
0(
#290000
0!
0%
#295000
1!
1%
#296000
1'
0-
1,
0+
1*
#300000
0!
0%
#305000
1!
1%
b1111 4
b111 6
#306000
10
1/
1-
#310000
0!
0%
#315000
1!
1%
b1000 6
b10000 4
#316000
0/
0.
0,
#320000
0!
0%
#325000
1!
1%
b10001 4
b1001 6
#326000
0'
1(
00
1/
1+
0*
0)
#330000
0!
0%
#335000
1!
1%
b1000 6
b11001010 1
b1001 5
#336000
1'
0(
0/
1.
0-
1,
0+
#340000
0!
0%
#345000
1!
1%
b10010 4
b1001 6
#346000
10
1/
0.
0,
1+
1*
1)
#350000
0!
0%
#355000
1!
1%
b1010 6
b10011 4
#356000
0'
1(
1.
0*
#360000
0!
0%
#365000
1!
1%
b11000011 1
b1010 5
b1001 6
#366000
00
0/
1,
0+
1*
#370000
0!
0%
#375000
1!
1%
b1000 6
b111000 1
b1011 5
#376000
1'
0(
1/
0.
1+
0*
#380000
0!
0%
#385000
1!
1%
b10100 4
b1001 6
#386000
0'
1(
10
0,
0+
1*
0)
#390000
0!
0%
#395000
1!
1%
b1000 6
b10101100 1
b1100 5
#396000
1'
0(
00
1+
#400000
0!
0%
#405000
1!
1%
b10101 4
b1001 6
#406000
10
0/
1-
1,
0*
1)
#410000
0!
0%
#415000
1!
1%
b1010 6
b10110 4
#416000
1(
00
1/
0-
0+
1*
0)
#420000
0!
0%
#425000
1!
1%
b10111 4
b10000100 1
b1101 5
#426000
0(
1-
#430000
0!
0%
#435000
1!
1%
b1011 6
b11000 4
#436000
10
0/
1.
0-
#440000
0!
0%
#445000
1!
1%
b11001 4
b1100 6
#446000
0'
1(
00
1/
1-
0,
0*
#450000
0!
0%
#455000
1!
1%
b1011 6
b10101100 1
b1110 5
#456000
0(
10
0/
0.
0-
1,
1+
1*
#460000
0!
0%
#465000
1!
1%
#466000
1'
1(
00
1.
0,
0+
0*
#470000
0!
0%
#475000
1!
1%
b11010100 1
b1111 5
b11010 4
#476000
0'
0(
0.
1-
1*
1)
#480000
0!
0%
#485000
1!
1%
#486000
1.
0-
1,
0)
#490000
0!
0%
#495000
1!
1%
#496000
1'
1(
1/
0.
1-
0*
#500000
0!
0%
#505000
1!
1%
b11011111 1
b10000 5
b11011 4
#506000
0(
10
0/
1+
1*
#510000
0!
0%
#515000
1!
1%
b1100 6
b11100 4
#516000
00
1/
0,
0+
0*
1)
#520000
0!
0%
#525000
1!
1%
b11101 4
b1101 6
#526000
1(
0/
1.
1+
1*
#530000
0!
0%
#535000
1!
1%
b11110 4
b11001001 1
b10001 5
#536000
0(
10
#540000
0!
0%
#545000
1!
1%
b1110 6
b11111 4
#546000
0'
1(
0.
0-
1,
0+
0*
0)
#550000
0!
0%
#555000
1!
1%
b10100 1
b10010 5
b1101 6
#556000
1'
0(
1.
1-
0,
1*
#560000
0!
0%
#565000
1!
1%
b0 4
b1110 6
#566000
1/
0.
0-
1+
#570000
0!
0%
#575000
1!
1%
b1111 6
b1 4
#576000
1(
0/
1,
0+
1)
#580000
0!
0%
#585000
1!
1%
b10 4
b11100011 1
b10011 5
#586000
0(
1/
1.
0,
0*
0)
#590000
0!
0%
#595000
1!
1%
b10000 6
b11 4
#596000
1(
1-
1,
1*
#600000
0!
0%
#605000
1!
1%
b100 4
b10110010 1
b10100 5
#606000
0'
0(
0.
1+
1)
#610000
0!
0%
#615000
1!
1%
#616000
1(
00
0,
0)
#620000
0!
0%
#625000
1!
1%
b1100010 1
b10101 5
b1111 6
#626000
0(
0/
0*
1)
#630000
0!
0%
#635000
1!
1%
#636000
1/
1.
0-
1,
1*
0)
#640000
0!
0%
#645000
1!
1%
#646000
1'
10
0/
0.
1-
0*
#650000
0!
0%
#655000
1!
1%
b101 4
b10000 6
#656000
0'
00
0,
#660000
0!
0%
#665000
1!
1%
#666000
1(
0+
1*
1)
#670000
0!
0%
#675000
1!
1%
b10111001 1
b10110 5
b1111 6
#676000
1'
0(
1/
1.
1+
0)
#680000
0!
0%
#685000
1!
1%
b110 4
b10000 6
#686000
10
0/
1,
0*
#690000
0!
0%
#695000
1!
1%
b10001 6
b111 4
#696000
1)
#700000
0!
0%
#705000
1!
1%
b1000 4
b10010 6
#706000
1(
00
0.
0,
#710000
0!
0%
#715000
1!
1%
b1001 4
b1010010 1
b10111 5
#716000
0'
0(
1/
1*
#720000
0!
0%
#725000
1!
1%
#726000
1'
0+
0*
0)
#730000
0!
0%
#735000
1!
1%
b1010 4
b10011 6
#736000
1(
10
0/
1+
1*
#740000
0!
0%
#745000
1!
1%
b1011 4
b1011010 1
b11000 5
#746000
0(
00
1/
1.
1,
1)
#750000
0!
0%
#755000
1!
1%
b10100 6
b1100 4
#756000
0'
1(
10
0.
0-
0+
0)
#760000
0!
0%
#765000
1!
1%
b1010101 1
b11001 5
b10011 6
#766000
1'
00
0/
1+
0*
#770000
0!
0%
#775000
1!
1%
b1101 4
b100 1
b11010 5
#776000
1/
1.
1-
0,
0+
#780000
0!
0%
#785000
1!
1%
b1110 4
b11010 1
b11011 5
#786000
0.
1,
1)
#790000
0!
0%
#795000
1!
1%
b1111 4
b1111001 1
b11100 5
#796000
10
1+
1*
0)
#800000
0!
0%
#805000
1!
1%
b10000 4
b10001010 1
b11101 5
#806000
0'
00
0/
#810000
0!
0%
#815000
1!
1%
b10010 6
b11101100 1
b11110 5
#816000
1'
0(
0-
1)
#820000
0!
0%
#825000
1!
1%
b10001 4
b10011 6
#826000
1(
1/
1-
0,
0+
#830000
0!
0%
#835000
1!
1%
b10010 4
b11101101 1
b11111 5
#836000
0'
0-
1,
#840000
0!
0%
#845000
1!
1%
b10010 6
b1001101 1
b0 5
#846000
0(
0/
1.
#850000
0!
0%
#855000
1!
1%
#856000
1'
10
0)
#860000
0!
0%
#865000
1!
1%
b10011 4
b10011 6
#866000
00
1-
1+
#870000
0!
0%
#875000
1!
1%
b10100 6
b10100 4
#876000
1(
10
0-
0,
0+
#880000
0!
0%
#885000
1!
1%
b10101 4
b1100011 1
b1 5
#886000
00
0.
1,
0*
1)
#890000
0!
0%
#895000
1!
1%
b10110 4
b11010001 1
b10 5
#896000
10
1-
1*
#900000
0!
0%
#905000
1!
1%
b10111 4
b111 1
b11 5
#906000
00
1/
0)
#910000
0!
0%
#915000
1!
1%
b11000 4
b1011111 1
b100 5
#916000
0(
10
0/
#920000
0!
0%
#925000
1!
1%
b10101 6
b11001 4
#926000
00
1/
0-
1)
#930000
0!
0%
#935000
1!
1%
b11010 4
b10110 6
#936000
0'
1(
10
0/
1-
0,
0*
0)
#940000
0!
0%
#945000
1!
1%
b10101 6
b111001 1
b101 5
#946000
0(
00
1*
1)
#950000
0!
0%
#955000
1!
1%
#956000
1/
1.
0-
1,
0*
#960000
0!
0%
#965000
1!
1%
#966000
1(
1-
0,
1+
#970000
0!
0%
#975000
1!
1%
b1101110 1
b110 5
b10100 6
#976000
1'
0(
1,
0)
#980000
0!
0%
#985000
1!
1%
b11011 4
b10101 6
#986000
0'
0-
#990000
0!
0%
#995000
1!
1%
#996000
1'
1(
0.
0,
0+
#1000000
0!
0%
#1005000
1!
1%
b111101 1
b111 5
b11100 4
#1006000
10
1.
1,
1+
#1010000
0!
0%
#1015000
1!
1%
b11101 4
b10111101 1
b1000 5
#1016000
0(
00
0.
0+
1*
1)
#1020000
0!
0%
#1025000
1!
1%
b10110 6
b11110 4
#1026000
0'
1(
10
1.
1-
1+
#1030000
0!
0%
#1035000
1!
1%
b10101000 1
b1001 5
b10101 6
#1036000
1'
0(
0/
0-
0,
0+
0)
#1040000
0!
0%
#1045000
1!
1%
b11111 4
b10110 6
#1046000
1-
1,
1+
1)
#1050000
0!
0%
#1055000
1!
1%
b10111 6
b0 4
#1056000
0'
1(
00
0-
0,
0+
0*
#1060000
0!
0%
#1065000
1!
1%
b1010 1
b1010 5
b10110 6
#1066000
1'
1/
1,
0)
#1070000
0!
0%
#1075000
1!
1%
b1 4
b1101001 1
b1011 5
#1076000
0'
0(
10
1-
0,
1+
1*
1)
#1080000
0!
0%
#1085000
1!
1%
#1086000
1'
1(
00
0-
0*
#1090000
0!
0%
#1095000
1!
1%
b11111110 1
b1100 5
b10 4
#1096000
10
0/
0+
0)
#1100000
0!
0%
#1105000
1!
1%
b11 4
b110000 1
b1101 5
#1106000
0(
00
0.
1-
1+
1*
#1110000
0!
0%
#1115000
1!
1%
b10111 6
b100 4
#1116000
1.
0-
1)
#1120000
0!
0%
#1125000
1!
1%
b101 4
b11000 6
#1126000
0.
1,
0)
#1130000
0!
0%
#1135000
1!
1%
b11001 6
b110 4
#1136000
0'
1/
1.
0*
1)
#1140000
0!
0%
#1145000
1!
1%
#1146000
1'
1*
#1150000
0!
0%
#1155000
1!
1%
b111 4
b11010 6
#1156000
0'
0/
0.
1-
0,
0+
0*
#1160000
0!
0%
#1165000
1!
1%
#1166000
1/
1.
1,
1+
1*
0)
#1170000
0!
0%
#1175000
1!
1%
#1176000
1'
1(
10
0.
0-
0+
0*
1)
#1180000
0!
0%
#1185000
1!
1%
b1110 1
b1110 5
b1000 4
#1186000
0'
0(
00
1.
1-
0,
1+
0)
#1190000
0!
0%
#1195000
1!
1%
#1196000
1'
1(
10
0.
0+
1*
#1200000
0!
0%
#1205000
1!
1%
b10011010 1
b1111 5
b1001 4
#1206000
0'
1.
0-
1)
#1210000
0!
0%
#1215000
1!
1%
b11001 6
b1111011 1
b10000 5
#1216000
0(
0.
1-
1,
#1220000
0!
0%
#1225000
1!
1%
#1226000
1'
0/
0,
#1230000
0!
0%
#1235000
1!
1%
b1010 4
b11010 6
#1236000
1.
0-
1,
#1240000
0!
0%
#1245000
1!
1%
b11011 6
b1011 4
#1246000
1(
0.
0,
1+
#1250000
0!
0%
#1255000
1!
1%
b1100 4
b11110000 1
b10001 5
#1256000
1.
1,
0+
0*
0)
#1260000
0!
0%
#1265000
1!
1%
b1101 4
b11001010 1
b10010 5
#1266000
0(
1/
0.
1)
#1270000
0!
0%
#1275000
1!
1%
b11100 6
b1110 4
#1276000
0'
1-
0,
1+
#1280000
0!
0%
#1285000
1!
1%
#1286000
1'
00
1,
0+
#1290000
0!
0%
#1295000
1!
1%
b1111 4
b11101 6
#1296000
10
0/
1*
#1300000
0!
0%
#1305000
1!
1%
b11110 6
b10000 4
#1306000
0'
1(
00
1/
0,
1+
0*
0)
#1310000
0!
0%
#1315000
1!
1%
b1010101 1
b10011 5
b11101 6
#1316000
0(
1.
0-
0+
1*
#1320000
0!
0%
#1325000
1!
1%
#1326000
1'
1(
10
0/
0.
1,
#1330000
0!
0%
#1335000
1!
1%
b1111100 1
b10100 5
b10001 4
#1336000
00
1-
1)
#1340000
0!
0%
#1345000
1!
1%
b10010 4
b1000101 1
b10101 5
#1346000
0'
0(
10
0-
0,
1+
0*
#1350000
0!
0%
#1355000
1!
1%
#1356000
00
1-
1,
0+
1*
#1360000
0!
0%
#1365000
1!
1%
#1366000
1'
1(
1.
0,
0*
0)
#1370000
0!
0%
#1375000
1!
1%
b10010000 1
b10110 5
b10011 4
#1376000
0(
0-
1,
1*
1)
#1380000
0!
0%
#1385000
1!
1%
b11110 6
b10100 4
#1386000
10
1/
0.
0,
1+
0*
#1390000
0!
0%
#1395000
1!
1%
b10101 4
b11111 6
#1396000
0'
00
0/
1-
1,
0)
#1400000
0!
0%
#1405000
1!
1%
#1406000
1(
10
1.
0-
1*
1)
#1410000
0!
0%
#1415000
1!
1%
b11011001 1
b10111 5
b11110 6
#1416000
00
1/
0,
0+
0*
0)
#1420000
0!
0%
#1425000
1!
1%
b11101 6
b1011010 1
b11000 5
#1426000
0(
10
0.
1-
1*
#1430000
0!
0%
#1435000
1!
1%
#1436000
1'
1(
0/
0-
#1440000
0!
0%
#1445000
1!
1%
b1011001 1
b11001 5
b10110 4
#1446000
00
1/
1.
1-
1+
#1450000
0!
0%
#1455000
1!
1%
b10111 4
b11010010 1
b11010 5
#1456000
0(
10
0-
1)
#1460000
0!
0%
#1465000
1!
1%
b11110 6
b11000 4
#1466000
0'
00
0.
1-
0*
#1470000
0!
0%
#1475000
1!
1%
#1476000
1'
0-
0+
0)
#1480000
0!
0%
#1485000
1!
1%
b11001 4
b11111 6
#1486000
0'
1(
1+
1)
#1490000
0!
0%
#1495000
1!
1%
b11110 6
b111110 1
b11011 5
#1496000
1'
0(
10
1.
1-
1*
#1500000
0!
0%
#1505000
1!
1%
b11010 4
b11111 6
#1506000
0'
0-
0+
0*
0)
#1510000
0!
0%
#1515000
1!
1%
#1516000
1(
0/
0.
1-
#1520000
0!
0%
#1525000
1!
1%
b10 1
b11100 5
b11110 6
#1526000
00
0-
1+
1)
#1530000
0!
0%
#1535000
1!
1%
b11101 6
b110111 1
b11101 5
#1536000
1/
1-
0+
#1540000
0!
0%
#1545000
1!
1%
b11010010 1
b11110 5
b11100 6
#1546000
0(
0/
1.
0)
#1550000
0!
0%
#1555000
1!
1%
#1556000
1+
1*
1)
#1560000
0!
0%
#1565000
1!
1%
#1566000
1'
1(
10
1/
0.
0-
1,
0+
0)
#1570000
0!
0%
#1575000
1!
1%
b1000101 1
b11111 5
b11011 4
#1576000
0'
0(
00
1-
1)
#1580000
0!
0%
#1585000
1!
1%
#1586000
1'
10
0/
0-
#1590000
0!
0%
#1595000
1!
1%
b11100 4
b11101 6
#1596000
1(
1/
1-
1+
0*
0)
#1600000
0!
0%
#1605000
1!
1%
b11101 4
b11111101 1
b0 5
#1606000
0/
0,
0+
#1610000
0!
0%
#1615000
1!
1%
b11110 4
b10110 1
b1 5
#1616000
00
1.
0-
1,
1+
1)
#1620000
0!
0%
#1625000
1!
1%
b11111 4
b10100110 1
b10 5
#1626000
10
1/
0.
1*
#1630000
0!
0%
#1635000
1!
1%
b0 4
b101 1
b11 5
#1636000
0(
0/
1-
0,
0+
#1640000
0!
0%
#1645000
1!
1%
b11110 6
b1 4
#1646000
0'
00
1/
1+
#1650000
0!
0%
#1655000
1!
1%
#1656000
1'
1(
0-
1,
0+
0*
#1660000
0!
0%
#1665000
1!
1%
b1101000 1
b100 5
b10 4
#1666000
10
1.
1-
1*
#1670000
0!
0%
#1675000
1!
1%
b11 4
b11100100 1
b101 5
#1676000
0'
0(
0.
0-
1+
#1680000
0!
0%
#1685000
1!
1%
#1686000
1'
1(
00
0+
0*
#1690000
0!
0%
#1695000
1!
1%
b1110000 1
b110 5
b100 4
#1696000
0'
0/
1-
1+
1*
#1700000
0!
0%
#1705000
1!
1%
b11101 6
b11110110 1
b111 5
#1706000
1'
0(
1/
0-
0,
0*
#1710000
0!
0%
#1715000
1!
1%
b101 4
b11110 6
#1716000
10
1.
1-
0+
1*
#1720000
0!
0%
#1725000
1!
1%
b11111 6
b110 4
#1726000
0'
00
0.
0*
#1730000
0!
0%
#1735000
1!
1%
#1736000
10
1.
1,
1+
1*
0)
#1740000
0!
0%
#1745000
1!
1%
#1746000
1'
1(
00
0-
0,
0+
0*
1)
#1750000
0!
0%
#1755000
1!
1%
b10010011 1
b1000 5
b111 4
#1756000
0(
0/
0.
1+
#1760000
0!
0%
#1765000
1!
1%
b100000 6
b1000 4
12
#1766000
10
1/
1.
0+
1*
0)
#1770000
0!
0%
#1775000
1!
1%
#1776000
0/
1+
1)
#1780000
0!
0%
#1785000
1!
1%
#1786000
00
1/
0.
1-
1,
0+
0*
#1790000
0!
0%
#1795000
1!
1%
#1796000
10
0/
1.
1+
0)
#1800000
0!
0%
#1805000
1!
1%
#1806000
0'
1(
0-
0,
0+
#1810000
0!
0%
#1815000
1!
1%
b1001011 1
b1001 5
b11111 6
02
#1816000
1'
00
1/
0.
1-
1,
1+
1)
#1820000
0!
0%
#1825000
1!
1%
b1001 4
b11001001 1
b1010 5
#1826000
0/
1.
0-
0+
1*
0)
#1830000
0!
0%
#1835000
1!
1%
b1010 4
b11010101 1
b1011 5
#1836000
0(
10
0.
1-
0,
0*
#1840000
0!
0%
#1845000
1!
1%
b100000 6
b1011 4
12
#1846000
0'
1/
0-
1,
1+
1*
#1850000
0!
0%
#1855000
1!
1%
#1856000
1'
1(
00
1)
#1860000
0!
0%
#1865000
1!
1%
b11100001 1
b1100 5
b11111 6
02
#1866000
0'
10
0/
1-
0,
0+
#1870000
0!
0%
#1875000
1!
1%
b11110 6
b10101 1
b1101 5
#1876000
1'
0(
00
1.
0-
0*
0)
#1880000
0!
0%
#1885000
1!
1%
b1100 4
b11111 6
#1886000
1(
1/
1-
1+
1*
#1890000
0!
0%
#1895000
1!
1%
b1101 4
b10010011 1
b1110 5
#1896000
10
0/
0-
1,
1)
#1900000
0!
0%
#1905000
1!
1%
b1110 4
b10011010 1
b1111 5
#1906000
0.
#1910000
0!
0%
#1915000
1!
1%
b1111 4
b11011001 1
b10000 5
#1916000
1/
1-
0+
0)
#1920000
0!
0%
#1925000
1!
1%
b10000 4
b1010001 1
b10001 5
#1926000
0/
1.
0-
0,
0*
#1930000
0!
0%
#1935000
1!
1%
b10001 4
b11011000 1
b10010 5
#1936000
0(
00
1/
0.
1,
1+
1*
1)
#1940000
0!
0%
#1945000
1!
1%
b100000 6
b10010 4
12
#1946000
0'
1.
1-
0*
0)
#1950000
0!
0%
#1955000
1!
1%
#1956000
1'
10
0/
0,
1)
#1960000
0!
0%
#1965000
1!
1%
#1966000
00
1/
0-
0+
#1970000
0!
0%
#1975000
1!
1%
#1976000
0'
0/
1-
1,
1*
#1980000
0!
0%
#1985000
1!
1%
#1986000
10
0-
0)
#1990000
0!
0%
#1995000
1!
1%
#1996000
1(
0.
0,
1+
0*
#2000000
0!
0%
#2005000
1!
1%
b1100 1
b10011 5
b11111 6
02
#2006000
0(
1/
1.
1-
0+
#2010000
0!
0%
#2015000
1!
1%
#2016000
1(
00
0/
0.
1*
#2020000
0!
0%
#2025000
1!
1%
b11010100 1
b10100 5
b11110 6
#2026000
1'
1/
0-
1+
0*
#2030000
0!
0%
#2035000
1!
1%
b10011 4
b10100011 1
b10101 5
#2036000
0/
1.
#2040000
0!
0%
#2045000
1!
1%
b10100 4
b1000001 1
b10110 5
#2046000
0'
0(
10
1/
0.
0+
#2050000
0!
0%
#2055000
1!
1%
#2056000
1(
0/
1+
#2060000
0!
0%
#2065000
1!
1%
b1101110 1
b10111 5
b11101 6
#2066000
1'
0(
1.
1-
1,
1)
#2070000
0!
0%
#2075000
1!
1%
b10101 4
b11110 6
#2076000
1(
00
1/
0.
0,
0+
#2080000
0!
0%
#2085000
1!
1%
b10110 4
b11100111 1
b11000 5
#2086000
0'
0(
1*
0)
#2090000
0!
0%
#2095000
1!
1%
#2096000
0/
1.
0-
0*
#2100000
0!
0%
#2105000
1!
1%
#2106000
1'
10
1/
1-
1,
#2110000
0!
0%
#2115000
1!
1%
b10111 4
b11111 6
#2116000
0'
00
0-
0,
#2120000
0!
0%
#2125000
1!
1%
#2126000
1(
0/
1,
1*
1)
#2130000
0!
0%
#2135000
1!
1%
b10 1
b11001 5
b11110 6
#2136000
1+
0)
#2140000
0!
0%
#2145000
1!
1%
b11101 6
b11101111 1
b11010 5
#2146000
0(
10
0.
1-
0,
#2150000
0!
0%
#2155000
1!
1%
#2156000
1'
1/
1.
1,
0+
0*
#2160000
0!
0%
#2165000
1!
1%
b11000 4
b11110 6
#2166000
1(
0/
0.
0-
1+
1*
#2170000
0!
0%
#2175000
1!
1%
b11001 4
b1010011 1
b11011 5
#2176000
1.
0,
0+
0*
#2180000
0!
0%
#2185000
1!
1%
b11010 4
b11010001 1
b11100 5
#2186000
1/
1)
#2190000
0!
0%
#2195000
1!
1%
b11011 4
b111011 1
b11101 5
#2196000
0'
00
0/
1-
1*
#2200000
0!
0%
#2205000
1!
1%
b11101 6
b1001 1
b11110 5
#2206000
1'
10
1/
0-
1+
0)
#2210000
0!
0%
#2215000
1!
1%
b11100 4
b10110100 1
b11111 5
#2216000
00
0.
1)
#2220000
0!
0%
#2225000
1!
1%
b11101 4
b11110011 1
b0 5
#2226000
0'
0(
10
0/
1.
1-
1,
0*
0)
#2230000
0!
0%
#2235000
1!
1%
#2236000
1'
1(
1)
#2240000
0!
0%
#2245000
1!
1%
b11001001 1
b1 5
b11110 4
#2246000
00
0,
0+
1*
#2250000
0!
0%
#2255000
1!
1%
b11111 4
b10010010 1
b10 5
#2256000
0'
10
1/
0.
0-
1,
1+
0*
#2260000
0!
0%
#2265000
1!
1%
b11100 6
b11011111 1
b11 5
#2266000
1'
0(
00
0/
1.
0+
1*
0)
#2270000
0!
0%
#2275000
1!
1%
b0 4
b11101 6
#2276000
0'
1(
10
0.
1-
0,
#2280000
0!
0%
#2285000
1!
1%
b11100 6
b10010010 1
b100 5
#2286000
0(
00
0-
1+
#2290000
0!
0%
#2295000
1!
1%
#2296000
1'
1(
10
1/
1.
1-
0+
1)
#2300000
0!
0%
#2305000
1!
1%
b10100010 1
b101 5
b1 4
#2306000
0/
1+
#2310000
0!
0%
#2315000
1!
1%
b10 4
b11001111 1
b110 5
#2316000
0'
1/
0.
1,
0+
0)
#2320000
0!
0%
#2325000
1!
1%
b11011 6
b10000110 1
b111 5
#2326000
1'
0(
0,
1+
#2330000
0!
0%
#2335000
1!
1%
b11 4
b11100 6
#2336000
00
0/
1,
#2340000
0!
0%
#2345000
1!
1%
b11101 6
b100 4
#2346000
0'
1.
0-
0,
0*
#2350000
0!
0%
#2355000
1!
1%
#2356000
1(
10
1-
1,
0+
1*
#2360000
0!
0%
#2365000
1!
1%
b10100000 1
b1000 5
b11100 6
#2366000
00
1/
0-
1+
0*
1)
#2370000
0!
0%
#2375000
1!
1%
b11011 6
b10111010 1
b1001 5
#2376000
1'
0(
10
0/
0.
1-
0,
1*
#2380000
0!
0%
#2385000
1!
1%
b101 4
b11100 6
#2386000
1/
1.
0-
1,
0+
0*
0)
#2390000
0!
0%
#2395000
1!
1%
b11101 6
b110 4
#2396000
00
0.
1-
0,
1+
1*
#2400000
0!
0%
#2405000
1!
1%
b111 4
b11110 6
#2406000
1(
0-
1,
#2410000
0!
0%
#2415000
1!
1%
b1000 4
b1010100 1
b1010 5
#2416000
10
1.
1-
0,
1)
#2420000
0!
0%
#2425000
1!
1%
b1001 4
b1001 1
b1011 5
#2426000
0'
00
0.
0-
1,
0+
#2430000
0!
0%
#2435000
1!
1%
b11101 6
b100 1
b1100 5
#2436000
10
0/
0,
0)
#2440000
0!
0%
#2445000
1!
1%
b1101110 1
b1101 5
b11100 6
#2446000
00
1-
1,
0*
#2450000
0!
0%
#2455000
1!
1%
b11011 6
b11110101 1
b1110 5
#2456000
1'
0(
10
1.
0-
1+
1*
1)
#2460000
0!
0%
#2465000
1!
1%
b1010 4
b11100 6
#2466000
00
1-
0,
#2470000
0!
0%
#2475000
1!
1%
b11101 6
b1011 4
#2476000
1/
1,
#2480000
0!
0%
#2485000
1!
1%
b1100 4
b11110 6
#2486000
0/
0.
0+
0)
#2490000
0!
0%
#2495000
1!
1%
b11111 6
b1101 4
#2496000
10
1.
0-
1)
#2500000
0!
0%
#2505000
1!
1%
b1110 4
b100000 6
12
#2506000
0'
1-
1+
0*
#2510000
0!
0%
#2515000
1!
1%
#2516000
1'
00
0-
0+
0)
#2520000
0!
0%
#2525000
1!
1%
#2526000
10
1/
0.
0,
1+
#2530000
0!
0%
#2535000
1!
1%
#2536000
1(
00
1.
0+
1*
1)
#2540000
0!
0%
#2545000
1!
1%
b11110001 1
b1111 5
b11111 6
02
#2546000
0.
1-
0)
#2550000
0!
0%
#2555000
1!
1%
b1111 4
b1011011 1
b10000 5
#2556000
0'
0(
1.
0-
1,
0*
#2560000
0!
0%
#2565000
1!
1%
#2566000
1(
0/
1*
1)
#2570000
0!
0%
#2575000
1!
1%
b101 1
b10001 5
b11110 6
#2576000
10
1-
0)
#2580000
0!
0%
#2585000
1!
1%
b11101 6
b11110010 1
b10010 5
#2586000
1/
0-
0,
#2590000
0!
0%
#2595000
1!
1%
b100010 1
b10011 5
b11100 6
#2596000
0(
00
0/
0.
1-
1,
1+
#2600000
0!
0%
#2605000
1!
1%
#2606000
1(
0-
0*
1)
#2610000
0!
0%
#2615000
1!
1%
b100100 1
b10100 5
b11011 6
#2616000
1/
1.
0+
1*
0)
#2620000
0!
0%
#2625000
1!
1%
b11010 6
b10111101 1
b10101 5
#2626000
1'
10
0/
0*
1)
#2630000
0!
0%
#2635000
1!
1%
b10000 4
b10001010 1
b10110 5
#2636000
0(
00
0.
1*
#2640000
0!
0%
#2645000
1!
1%
b11011 6
b10001 4
#2646000
0'
1(
1/
0,
0*
#2650000
0!
0%
#2655000
1!
1%
b11111 1
b10111 5
b11010 6
#2656000
1'
0(
10
0/
1-
1,
1+
0)
#2660000
0!
0%
#2665000
1!
1%
b10010 4
b11011 6
#2666000
0'
1(
00
1/
1.
0-
0,
0+
#2670000
0!
0%
#2675000
1!
1%
b11010 6
b11000 5
#2676000
0(
0/
1+
#2680000
0!
0%
#2685000
1!
1%
#2686000
1'
1,
1)
#2690000
0!
0%
#2695000
1!
1%
b10011 4
b11011 6
#2696000
1(
10
0.
1-
0+
1*
#2700000
0!
0%
#2705000
1!
1%
b10100 4
b1110001 1
b11001 5
#2706000
0'
0(
00
1/
0,
1+
#2710000
0!
0%
#2715000
1!
1%
#2716000
1'
10
0-
1,
0)
#2720000
0!
0%
#2725000
1!
1%
b10101 4
b11100 6
#2726000
00
0/
1.
0,
0+
0*
#2730000
0!
0%
#2735000
1!
1%
b11101 6
b10110 4
#2736000
0.
1-
1+
1)
#2740000
0!
0%
#2745000
1!
1%
b10111 4
b11110 6
#2746000
0'
1(
0-
0+
0)
#2750000
0!
0%
#2755000
1!
1%
b11101 6
b101 1
b11010 5
#2756000
1'
0(
1/
1,
1*
1)
#2760000
0!
0%
#2765000
1!
1%
b11000 4
b11110 6
#2766000
1(
0,
1+
0*
0)
#2770000
0!
0%
#2775000
1!
1%
b11001 4
b10000111 1
b11011 5
#2776000
10
1.
1,
#2780000
0!
0%
#2785000
1!
1%
b11010 4
b1100111 1
b11100 5
#2786000
0(
0/
1*
#2790000
0!
0%
#2795000
1!
1%
b11111 6
b11011 4
#2796000
0'
1/
0.
1-
0+
#2800000
0!
0%
#2805000
1!
1%
#2806000
00
0/
0,
1+
#2810000
0!
0%
#2815000
1!
1%
#2816000
1(
10
0-
0+
0*
#2820000
0!
0%
#2825000
1!
1%
b11100010 1
b11101 5
b11110 6
#2826000
0(
00
1/
1.
1-
1,
1*
1)
#2830000
0!
0%
#2835000
1!
1%
#2836000
1'
1(
10
0.
0-
#2840000
0!
0%
#2845000
1!
1%
b10111101 1
b11110 5
b11100 4
#2846000
0(
00
0/
1.
0,
#2850000
0!
0%
#2855000
1!
1%
b11111 6
b11101 4
#2856000
1(
0.
1-
1+
0*
0)
#2860000
0!
0%
#2865000
1!
1%
b11110 4
b11001100 1
b11111 5
#2866000
0(
10
1/
0-
1,
1*
1)
#2870000
0!
0%
#2875000
1!
1%
b100000 6
b11111 4
12
#2876000
0'
1(
0/
1.
0,
0*
#2880000
0!
0%
#2885000
1!
1%
b1010100 1
b0 5
b11111 6
02
#2886000
0(
0.
1-
0+
1*
0)
#2890000
0!
0%
#2895000
1!
1%
#2896000
00
0-
1+
0*
#2900000
0!
0%
#2905000
1!
1%
#2906000
10
1/
1-
1,
1)
#2910000
0!
0%
#2915000
1!
1%
#2916000
1'
1(
1.
1*
0)
#2920000
0!
0%
#2925000
1!
1%
b11001111 1
b1 5
b0 4
#2926000
0'
0(
0/
0-
0,
0*
#2930000
0!
0%
#2935000
1!
1%
#2936000
00
1-
#2940000
0!
0%
#2945000
1!
1%
#2946000
1(
10
0-
0+
1)
#2950000
0!
0%
#2955000
1!
1%
b11101101 1
b10 5
b11110 6
#2956000
1'
0(
00
1/
1-
1,
1*
0)
#2960000
0!
0%
#2965000
1!
1%
b1 4
b11111 6
#2966000
0'
1(
10
0/
0,
#2970000
0!
0%
#2975000
1!
1%
b11110 6
b1101011 1
b11 5
#2976000
1'
1/
0-
1+
0*
1)
#2980000
0!
0%
#2985000
1!
1%
b10 4
b1111000 1
b100 5
#2986000
0(
00
0/
0.
0+
0)
#2990000
0!
0%
#2995000
1!
1%
b11111 6
b11 4
#2996000
0'
1.
1,
1)
#3000000
0!
0%
#3005000
1!
1%
#3006000
1'
1/
0.
0,
1+
#3010000
0!
0%
#3015000
1!
1%
b100 4
b100000 6
12
#3016000
1(
10
0+
0)
#3020000
0!
0%
#3025000
1!
1%
b11111 6
b11101001 1
b101 5
02
#3026000
0(
1.
1-
1,
#3030000
0!
0%
#3035000
1!
1%
b101 4
b100000 6
12
#3036000
00
0.
0,
1*
1)
#3040000
0!
0%
#3045000
1!
1%
#3046000
10
0/
0-
1,
1+
#3050000
0!
0%
#3055000
1!
1%
#3056000
1/
0,
0)
#3060000
0!
0%
#3065000
1!
1%
#3066000
0/
0+
0*
#3070000
0!
0%
#3075000
1!
1%
#3076000
0'
1/
1.
1-
1,
1+
#3080000
0!
0%
#3085000
1!
1%
#3086000
1'
0,
1*
1)
#3090000
0!
0%
#3095000
1!
1%
#3096000
0/
0.
#3100000
0!
0%
#3105000
1!
1%
#3106000
0'
1(
00
0-
1,
0*
0)
#3110000
0!
0%
#3115000
1!
1%
b10111 1
b110 5
b11111 6
02
#3116000
1*
#3120000
0!
0%
#3125000
1!
1%
b11110 6
b1101010 1
b111 5
#3126000
1'
10
1.
1-
0,
0+
0*
#3130000
0!
0%
#3135000
1!
1%
b110 4
b1110010 1
b1000 5
#3136000
0(
00
1/
1,
1+
1*
#3140000
0!
0%
#3145000
1!
1%
b11111 6
b111 4
#3146000
0'
1(
0,
0*
1)
#3150000
0!
0%
#3155000
1!
1%
b11101111 1
b1001 5
b11110 6
#3156000
1'
10
0/
0.
1,
#3160000
0!
0%
#3165000
1!
1%
b1000 4
b11110101 1
b1010 5
#3166000
0(
1/
1.
0-
1*
0)
#3170000
0!
0%
#3175000
1!
1%
b11111 6
b1001 4
#3176000
0'
1(
00
0/
0.
1-
0+
0*
#3180000
0!
0%
#3185000
1!
1%
b11101100 1
b1011 5
b11110 6
#3186000
1'
0(
0-
#3190000
0!
0%
#3195000
1!
1%
b1010 4
b11111 6
#3196000
1.
1-
0,
1+
#3200000
0!
0%
#3205000
1!
1%
b100000 6
b1011 4
12
#3206000
1(
1/
0-
0+
#3210000
0!
0%
#3215000
1!
1%
b11111110 1
b1100 5
b11111 6
02
#3216000
0'
0(
10
1-
1,
1+
1*
#3220000
0!
0%
#3225000
1!
1%
#3226000
1(
00
0.
0-
1)
#3230000
0!
0%
#3235000
1!
1%
b1011000 1
b1101 5
b11110 6
#3236000
10
0/
1.
0)
#3240000
0!
0%
#3245000
1!
1%
b11101 6
b11010101 1
b1110 5
#3246000
0(
0,
0+
0*
#3250000
0!
0%
#3255000
1!
1%
#3256000
1'
1/
1+
#3260000
0!
0%
#3265000
1!
1%
b1100 4
b11110 6
#3266000
00
0.
1-
1)
#3270000
0!
0%
#3275000
1!
1%
b11111 6
b1101 4
#3276000
0'
10
0/
1.
0-
1,
0+
#3280000
0!
0%
#3285000
1!
1%
#3286000
1'
1(
00
1/
1+
1*
0)
#3290000
0!
0%
#3295000
1!
1%
b1001010 1
b1111 5
b1110 4
#3296000
0(
0.
1-
0*
1)
#3300000
0!
0%
#3305000
1!
1%
b100000 6
b1111 4
12
#3306000
0'
1(
1.
0-
0,
0+
#3310000
0!
0%
#3315000
1!
1%
b10010101 1
b10000 5
b11111 6
02
#3316000
1'
0(
10
0/
1-
1+
#3320000
0!
0%
#3325000
1!
1%
b10000 4
b100000 6
12
#3326000
0'
1(
0-
1,
#3330000
0!
0%
#3335000
1!
1%
b11111 6
b11010000 1
b10001 5
02
#3336000
00
0,
0+
1*
0)
#3340000
0!
0%
#3345000
1!
1%
b111001 1
b10010 5
b11110 6
#3346000
1'
10
0.
1-
1+
#3350000
0!
0%
#3355000
1!
1%
b10001 4
b10110100 1
b10011 5
#3356000
0'
0(
1/
1.
1)
#3360000
0!
0%
#3365000
1!
1%
#3366000
1(
00
#3370000
0!
0%
#3375000
1!
1%
b11011001 1
b10100 5
b11101 6
#3376000
0/
0.
1,
0*
0)
#3380000
0!
0%
#3385000
1!
1%
b11100 6
b1110011 1
b10101 5
#3386000
1'
0(
10
0,
1*
1)
#3390000
0!
0%
#3395000
1!
1%
b10010 4
b11101 6
#3396000
0'
0-
1,
#3400000
0!
0%
#3405000
1!
1%
#3406000
1'
00
0+
0*
0)
#3410000
0!
0%
#3415000
1!
1%
b10011 4
b11110 6
#3416000
10
1/
1-
0,
1+
1*
1)
#3420000
0!
0%
#3425000
1!
1%
b11111 6
b10100 4
#3426000
1(
1.
0+
0*
#3430000
0!
0%
#3435000
1!
1%
b10101 4
b100 1
b10110 5
#3436000
0(
00
0.
0-
0)
#3440000
0!
0%
#3445000
1!
1%
b100000 6
b10110 4
12
#3446000
0'
10
0/
1*
#3450000
0!
0%
#3455000
1!
1%
#3456000
1.
1-
1+
1)
#3460000
0!
0%
#3465000
1!
1%
#3466000
1'
0-
1,
0*
#3470000
0!
0%
#3475000
1!
1%
#3476000
0'
1(
00
1/
0.
1-
0+
#3480000
0!
0%
#3485000
1!
1%
b10101000 1
b10111 5
b11111 6
02
#3486000
0(
0/
0-
#3490000
0!
0%
#3495000
1!
1%
#3496000
10
1/
1-
1+
1*
#3500000
0!
0%
#3505000
1!
1%
#3506000
1(
00
1.
0-
0,
0+
0*
#3510000
0!
0%
#3515000
1!
1%
b11010010 1
b11000 5
b11110 6
#3516000
10
0/
0.
1,
1*
0)
#3520000
0!
0%
#3525000
1!
1%
b11101 6
b100010 1
b11001 5
#3526000
1'
0(
1/
1-
0,
1+
0*
#3530000
0!
0%
#3535000
1!
1%
b10111 4
b11110 6
#3536000
0-
1,
0+
1*
1)
#3540000
0!
0%
#3545000
1!
1%
b11111 6
b11000 4
#3546000
0'
1(
0/
0*
0)
#3550000
0!
0%
#3555000
1!
1%
b110111 1
b11010 5
b11110 6
#3556000
0(
00
1/
1.
1)
#3560000
0!
0%
#3565000
1!
1%
#3566000
1'
0.
0,
0)
#3570000
0!
0%
#3575000
1!
1%
b11001 4
b11111 6
#3576000
0'
0/
1,
1+
1*
#3580000
0!
0%
#3585000
1!
1%
#3586000
1'
1(
10
0*
1)
#3590000
0!
0%
#3595000
1!
1%
b1110101 1
b11011 5
b11010 4
#3596000
0'
0(
1/
1-
1*
#3600000
0!
0%
#3605000
1!
1%
#3606000
1.
0-
0,
0+
#3610000
0!
0%
#3615000
1!
1%
#3616000
1'
1(
00
0/
1-
1,
1+
#3620000
0!
0%
#3625000
1!
1%
b11010011 1
b11100 5
b11011 4
#3626000
0(
1/
0.
0,
0*
0)
#3630000
0!
0%
#3635000
1!
1%
b100000 6
b11100 4
12
#3636000
1(
10
0/
1.
0-
1,
#3640000
0!
0%
#3645000
1!
1%
b11000100 1
b11101 5
b11111 6
02
#3646000
1-
0,
1*
1)
#3650000
0!
0%
#3655000
1!
1%
b11101 4
b101000 1
b11110 5
#3656000
0'
0(
00
0.
0-
0+
#3660000
0!
0%
#3665000
1!
1%
#3666000
10
1.
1-
1,
0*
#3670000
0!
0%
#3675000
1!
1%
#3676000
1'
1(
1/
0-
0,
1+
0)
#3680000
0!
0%
#3685000
1!
1%
b11110011 1
b11111 5
b11110 4
#3686000
0'
0/
0.
1-
1,
0+
1*
#3690000
0!
0%
#3695000
1!
1%
b11110 6
b1111111 1
b0 5
#3696000
1'
0(
1/
1.
1+
0*
1)
#3700000
0!
0%
#3705000
1!
1%
b11111 4
b11111 6
#3706000
0'
00
0.
0,
#3710000
0!
0%
#3715000
1!
1%
#3716000
0/
1.
0-
0+
1*
0)
#3720000
0!
0%
#3725000
1!
1%
#3726000
1'
1(
10
1/
1,
0*
1)
#3730000
0!
0%
#3735000
1!
1%
b1011110 1
b1 5
b0 4
#3736000
0'
0/
0.
1*
#3740000
0!
0%
#3745000
1!
1%
b11110 6
b10100111 1
b10 5
#3746000
1'
1-
1+
#3750000
0!
0%
#3755000
1!
1%
b1 4
b0 1
b11 5
#3756000
0'
00
1/
0-
0+
#3760000
0!
0%
#3765000
1!
1%
b11101 6
b10100010 1
b100 5
#3766000
1'
0(
10
0/
1.
1-
0*
0)
#3770000
0!
0%
#3775000
1!
1%
b10 4
b11110 6
#3776000
0'
1(
0,
1)
#3780000
0!
0%
#3785000
1!
1%
b11101 6
b11111 1
b101 5
#3786000
1'
0(
0-
0)
#3790000
0!
0%
#3795000
1!
1%
b11 4
b11110 6
#3796000
00
1/
1,
1+
1*
1)
#3800000
0!
0%
#3805000
1!
1%
b11111 6
b100 4
#3806000
0'
1(
10
1-
#3810000
0!
0%
#3815000
1!
1%
b1101 1
b110 5
b11110 6
#3816000
00
0/
0.
0-
0*
#3820000
0!
0%
#3825000
1!
1%
b11101 6
b1111110 1
b111 5
#3826000
1'
10
1/
1*
0)
#3830000
0!
0%
#3835000
1!
1%
b101 4
b10111001 1
b1000 5
#3836000
0(
00
1.
1-
0,
0+
0*
1)
#3840000
0!
0%
#3845000
1!
1%
b11110 6
b110 4
#3846000
1(
0/
0-
1,
1+
0)
#3850000
0!
0%
#3855000
1!
1%
b111 4
b1110111 1
b1001 5
#3856000
1/
1-
1*
1)
#3860000
0!
0%
#3865000
1!
1%
b1000 4
b10000 1
b1010 5
#3866000
0(
10
0/
0.
0-
0*
#3870000
0!
0%
#3875000
1!
1%
b11111 6
b1001 4
#3876000
1*
#3880000
0!
0%
#3885000
1!
1%
b1010 4
b100000 6
12
#3886000
1(
00
1/
1-
0,
0*
#3890000
0!
0%
#3895000
1!
1%
b11111 6
b101100 1
b1011 5
02
#3896000
0'
10
0/
1*
0)
#3900000
0!
0%
#3905000
1!
1%
b100111 1
b1100 5
b11110 6
#3906000
1'
00
1.
1,
0+
0*
1)
#3910000
0!
0%
#3915000
1!
1%
b1011 4
b10101010 1
b1101 5
#3916000
1/
0.
0-
0,
0)
#3920000
0!
0%
#3925000
1!
1%
b1100 4
b1110110 1
b1110 5
#3926000
0'
0(
10
1,
1+
1*
1)
#3930000
0!
0%
#3935000
1!
1%
#3936000
1'
1(
00
1-
0,
0+
0*
#3940000
0!
0%
#3945000
1!
1%
b10111010 1
b1111 5
b1101 4
#3946000
0'
0(
10
0/
1.
0-
1,
1+
1*
#3950000
0!
0%
#3955000
1!
1%
#3956000
1'
1(
0.
0+
#3960000
0!
0%
#3965000
1!
1%
b10101101 1
b10000 5
b1110 4
#3966000
0'
0(
00
1.
1-
1+
#3970000
0!
0%
#3975000
1!
1%
#3976000
1(
10
0.
0-
0,
0+
#3980000
0!
0%
#3985000
1!
1%
b1101001 1
b10001 5
b11101 6
#3986000
1'
1/
1-
0)
#3990000
0!
0%
#3995000
1!
1%
b1111 4
b11101001 1
b10010 5
#3996000
0(
00
0/
0-
1,
1)
#4000000
0!
0%
#4005000
1!
1%
b11110 6
b10000 4
#4006000
0'
10
1/
1.
1+
#4010000
0!
0%
#4015000
1!
1%
#4016000
1'
0/
0.
1-
0)
#4020000
0!
0%
#4025000
1!
1%
b10001 4
b11111 6
#4026000
00
1/
0-
0,
1)
#4030000
0!
0%
#4035000
1!
1%
b100000 6
b10010 4
12
#4036000
0'
1(
10
0/
1.
0+
0*
0)
#4040000
0!
0%
#4045000
1!
1%
b10000 1
b10011 5
b11111 6
02
#4046000
00
1/
0.
1-
1+
1)
#4050000
0!
0%
#4055000
1!
1%
b11110 6
b11101011 1
b10100 5
#4056000
1'
0(
0-
1,
1*
#4060000
0!
0%
#4065000
1!
1%
b10011 4
b11111 6
#4066000
0'
1(
10
0*
0)
#4070000
0!
0%
#4075000
1!
1%
b11110 6
b10001111 1
b10101 5
#4076000
1'
0/
1-
1*
#4080000
0!
0%
#4085000
1!
1%
b10100 4
b10 1
b10110 5
#4086000
00
0-
0,
0*
#4090000
0!
0%
#4095000
1!
1%
b10101 4
b101011 1
b10111 5
#4096000
0'
10
1.
0+
1)
#4100000
0!
0%
#4105000
1!
1%
b11101 6
b11010011 1
b11000 5
#4106000
0(
00
1-
1,
0)
#4110000
0!
0%
#4115000
1!
1%
#4116000
1'
1(
0.
#4120000
0!
0%
#4125000
1!
1%
b10 1
b11001 5
b10110 4
#4126000
0(
1/
1.
0-
0,
1+
1*
1)
#4130000
0!
0%
#4135000
1!
1%
b11110 6
b10111 4
#4136000
0'
10
0.
1-
1,
0)
#4140000
0!
0%
#4145000
1!
1%
#4146000
00
0/
0-
0,
0+
1)
#4150000
0!
0%
#4155000
1!
1%
#4156000
1'
1(
1.
1-
0*
#4160000
0!
0%
#4165000
1!
1%
b10110001 1
b11010 5
b11000 4
#4166000
0(
10
0.
0-
1*
#4170000
0!
0%
#4175000
1!
1%
b11111 6
b11001 4
#4176000
0'
1(
1/
1+
0*
0)
#4180000
0!
0%
#4185000
1!
1%
b11111100 1
b11011 5
b11110 6
#4186000
0(
00
0/
1.
1-
1,
0+
#4190000
0!
0%
#4195000
1!
1%
#4196000
1'
1(
0.
1+
1*
1)
#4200000
0!
0%
#4205000
1!
1%
b101010 1
b11100 5
b11010 4
#4206000
0(
1/
1.
0-
0,
0+
0*
#4210000
0!
0%
#4215000
1!
1%
b11111 6
b11011 4
#4216000
0'
10
0.
1-
1+
1*
#4220000
0!
0%
#4225000
1!
1%
#4226000
1'
0/
0-
#4230000
0!
0%
#4235000
1!
1%
b11100 4
b100000 6
12
#4236000
1/
1-
#4240000
0!
0%
#4245000
1!
1%
#4246000
0'
1(
1.
0-
1,
0*
0)
#4250000
0!
0%
#4255000
1!
1%
b11101101 1
b11101 5
b11111 6
02
#4256000
00
0/
0.
1-
1)
#4260000
0!
0%
#4265000
1!
1%
b11110 6
b100111 1
b11110 5
#4266000
1'
0,
0+
1*
#4270000
0!
0%
#4275000
1!
1%
b11101 4
b10111111 1
b11111 5
#4276000
0(
10
1/
#4280000
0!
0%
#4285000
1!
1%
b11111 6
b11110 4
#4286000
00
0-
#4290000
0!
0%
#4295000
1!
1%
b11111 4
b100000 6
12
#4296000
1.
1-
1+
0*
#4300000
0!
0%
#4305000
1!
1%
#4306000
0/
0)
#4310000
0!
0%
#4315000
1!
1%
#4316000
1(
10
0+
#4320000
0!
0%
#4325000
1!
1%
b10010111 1
b0 5
b11111 6
02
#4326000
0(
00
0-
1*
1)
#4330000
0!
0%
#4335000
1!
1%
b0 4
b100000 6
12
#4336000
1(
10
1/
1-
1,
1+
0*
0)
#4340000
0!
0%
#4345000
1!
1%
b11111 6
b11111001 1
b1 5
02
#4346000
0(
0/
0+
#4350000
0!
0%
#4355000
1!
1%
b1 4
b100000 6
12
#4356000
1(
00
0.
0-
1*
1)
#4360000
0!
0%
#4365000
1!
1%
b11111 6
b11101 1
b10 5
02
#4366000
0(
10
1.
1-
0,
1+
0)
#4370000
0!
0%
#4375000
1!
1%
b10 4
b100000 6
12
#4376000
0'
1(
00
1/
0.
0+
0*
1)
#4380000
0!
0%
#4385000
1!
1%
b11111 6
b101 1
b11 5
02
#4386000
0(
10
0/
0-
0)
#4390000
0!
0%
#4395000
1!
1%
#4396000
1(
1/
1.
1-
1,
1*
#4400000
0!
0%
#4405000
1!
1%
b11110110 1
b100 5
b11110 6
#4406000
1'
0(
0.
1+
1)
#4410000
0!
0%
#4415000
1!
1%
b11 4
b11111 6
#4416000
00
0/
0-
0,
0+
0*
0)
#4420000
0!
0%
#4425000
1!
1%
b100000 6
b100 4
12
#4426000
10
#4430000
0!
0%
#4435000
1!
1%
#4436000
0'
1(
00
1)
#4440000
0!
0%
#4445000
1!
1%
b1110011 1
b101 5
b11111 6
02
#4446000
1/
1.
1-
1,
1+
#4450000
0!
0%
#4455000
1!
1%
b11110 6
b10001110 1
b110 5
#4456000
1'
0(
0.
0,
1*
#4460000
0!
0%
#4465000
1!
1%
b101 4
b11111 6
#4466000
1(
10
1.
0-
0+
0*
0)
#4470000
0!
0%
#4475000
1!
1%
b110 4
b110100 1
b111 5
#4476000
0.
1+
1*
1)
#4480000
0!
0%
#4485000
1!
1%
b111 4
b11111110 1
b1000 5
#4486000
0'
0(
1.
0)
#4490000
0!
0%
#4495000
1!
1%
#4496000
1'
1(
00
0/
0.
1)
#4500000
0!
0%
#4505000
1!
1%
b10110001 1
b1001 5
b1000 4
#4506000
1/
1.
1-
1,
0+
#4510000
0!
0%
#4515000
1!
1%
b1001 4
b11110001 1
b1010 5
#4516000
10
0/
0.
0-
0,
1+
0*
#4520000
0!
0%
#4525000
1!
1%
b1010 4
b10011100 1
b1011 5
#4526000
0'
0(
00
0)
#4530000
0!
0%
#4535000
1!
1%
#4536000
1/
1.
1-
1,
0+
1*
#4540000
0!
0%
#4545000
1!
1%
#4546000
1'
1(
0,
1+
0*
1)
#4550000
0!
0%
#4555000
1!
1%
b10 1
b1100 5
b1011 4
#4556000
0/
0.
0+
1*
#4560000
0!
0%
#4565000
1!
1%
b1100 4
b10001010 1
b1101 5
#4566000
0'
0(
1.
0-
1,
1+
#4570000
0!
0%
#4575000
1!
1%
#4576000
1'
10
0.
0*
#4580000
0!
0%
#4585000
1!
1%
b1101 4
b100000 6
12
#4586000
0'
00
1-
0,
0)
#4590000
0!
0%
#4595000
1!
1%
#4596000
1(
10
1/
1.
0-
1,
0+
#4600000
0!
0%
#4605000
1!
1%
b11010001 1
b1110 5
b11111 6
02
#4606000
1'
0(
0/
1-
1+
#4610000
0!
0%
#4615000
1!
1%
b1110 4
b100000 6
12
#4616000
1(
1/
0.
0-
1*
#4620000
0!
0%
#4625000
1!
1%
b11111 6
b1001011 1
b1111 5
02
#4626000
0(
00
0/
1.
0*
#4630000
0!
0%
#4635000
1!
1%
b1111 4
b100000 6
12
#4636000
0'
10
1/
0.
1-
1)
#4640000
0!
0%
#4645000
1!
1%
#4646000
1'
1(
1.
0,
#4650000
0!
0%
#4655000
1!
1%
b11010000 1
b10000 5
b11111 6
02
#4656000
0+
#4660000
0!
0%
#4665000
1!
1%
b10000 4
b1111001 1
b10001 5
#4666000
0(
00
0/
0-
1+
1*
0)
#4670000
0!
0%
#4675000
1!
1%
b100000 6
b10001 4
12
#4676000
10
0.
0+
#4680000
0!
0%
#4685000
1!
1%
#4686000
00
1.
1,
0*
#4690000
0!
0%
#4695000
1!
1%
#4696000
10
1/
0.
1-
0,
1+
1)
#4700000
0!
0%
#4705000
1!
1%
#4706000
1.
0-
0+
1*
0)
#4710000
0!
0%
#4715000
1!
1%
#4716000
0'
00
0/
1-
1,
1)
#4720000
0!
0%
#4725000
1!
1%
#4726000
1/
0-
0*
#4730000
0!
0%
#4735000
1!
1%
#4736000
1-
1*
0)
#4740000
0!
0%
#4745000
1!
1%
#4746000
1(
0/
0-
0,
1+
1)
#4750000
0!
0%
#4755000
1!
1%
b11100010 1
b10010 5
b11111 6
02
#4756000
0(
1/
0.
1-
1,
0*
0)
#4760000
0!
0%
#4765000
1!
1%
#4766000
10
1.
0-
1*
1)
#4770000
0!
0%
#4775000
1!
1%
#4776000
1'
0/
0.
0)
#4780000
0!
0%
#4785000
1!
1%
b10010 4
b100000 6
12
#4786000
1.
1-
0,
0+
1)
#4790000
0!
0%
#4795000
1!
1%
#4796000
0'
1,
0*
#4800000
0!
0%
#4805000
1!
1%
#4806000
1'
0-
0,
1*
#4810000
0!
0%
#4815000
1!
1%
#4816000
1(
1-
1+
#4820000
0!
0%
#4825000
1!
1%
b11110010 1
b10011 5
b11111 6
02
#4826000
0'
0(
00
0.
1,
0+
0)
#4830000
0!
0%
#4835000
1!
1%
#4836000
1/
0-
1+
#4840000
0!
0%
#4845000
1!
1%
#4846000
1'
1(
0/
1.
#4850000
0!
0%
#4855000
1!
1%
b1111001 1
b10100 5
b10011 4
#4856000
0'
0(
1-
0+
1)
#4860000
0!
0%
#4865000
1!
1%
#4866000
1'
0.
0-
0,
1+
0*
#4870000
0!
0%
#4875000
1!
1%
b10100 4
b100000 6
12
#4876000
1(
1.
0+
0)
#4880000
0!
0%
#4885000
1!
1%
b11111 6
b100000 1
b10101 5
02
#4886000
0'
10
1-
1+
1*
1)
#4890000
0!
0%
#4895000
1!
1%
b11000 1
b10110 5
b11110 6
#4896000
1'
0(
1/
0+
0*
0)
#4900000
0!
0%
#4905000
1!
1%
b10101 4
b11111 6
#4906000
1(
00
0/
0.
#4910000
0!
0%
#4915000
1!
1%
b10110 4
b11100110 1
b10111 5
#4916000
0'
0(
10
1/
1.
1,
1+
1)
#4920000
0!
0%
#4925000
1!
1%
#4926000
1'
1(
00
0/
0.
0,
#4930000
0!
0%
#4935000
1!
1%
b10001100 1
b11000 5
b10111 4
#4936000
10
1.
0+
#4940000
0!
0%
#4945000
1!
1%
b11000 4
b11000001 1
b11001 5
#4946000
00
0.
#4950000
0!
0%
#4955000
1!
1%
b11001 4
b11111000 1
b11010 5
#4956000
1,
1*
#4960000
0!
0%
#4965000
1!
1%
b11010 4
b10000110 1
b11011 5
#4966000
0'
0(
10
1.
0,
1+
0)
#4970000
0!
0%
#4975000
1!
1%
#4976000
00
0.
0-
0+
1)
#4980000
0!
0%
#4985000
1!
1%
#4986000
1(
10
1/
1.
1,
1+
0*
#4990000
0!
0%
#4995000
1!
1%
b11100001 1
b11100 5
b11110 6
#4996000
0.
0,
0+
#5000000
0!
0%
#5005000
1!
1%
b11101 6
b11001000 1
b11101 5
#5006000
0(
0/
1.
1-
1+
0)
#5010000
0!
0%
#5015000
1!
1%
#5016000
1'
00
1,
1)
#5020000
0!
0%
#5025000
1!
1%
b11011 4
b11110 6
#5026000
0'
10
1/
0-
0+
1*
0)
#5030000
0!
0%
#5035000
1!
1%
#5036000
0/
0.
1+
0*
1)
#5040000
0!
0%
#5045000
1!
1%
#5046000
00
1/
0,
#5050000
0!
0%
#5055000
1!
1%
#5056000
1'
1-
1,
#5060000
0!
0%
#5065000
1!
1%
b11100 4
b11111 6
#5066000
0'
10
1.
0-
0+
0)
#5070000
0!
0%
#5075000
1!
1%
#5076000
1'
00
0.
1-
0,
1+
1*
#5080000
0!
0%
#5085000
1!
1%
b11101 4
b100000 6
12
#5086000
10
1.
0*
#5090000
0!
0%
#5095000
1!
1%
#5096000
0/
0.
0-
0+
1*
1)
#5100000
0!
0%
#5105000
1!
1%
#5106000
00
1-
1,
0*
#5110000
0!
0%
#5115000
1!
1%
#5116000
0,
1+
1*
0)
#5120000
0!
0%
#5125000
1!
1%
#5126000
0'
1(
1/
1,
0+
#5130000
0!
0%
#5135000
1!
1%
b11001011 1
b11110 5
b11111 6
02
#5136000
1'
0(
10
1.
0-
0*
1)
#5140000
0!
0%
#5145000
1!
1%
b11110 4
b100000 6
12
#5146000
0'
1(
00
1-
1+
#5150000
0!
0%
#5155000
1!
1%
b11111 6
b11000010 1
b11111 5
02
#5156000
1'
0(
10
0/
0.
0,
0+
1*
0)
#5160000
0!
0%
#5165000
1!
1%
b11111 4
b100000 6
12
#5166000
00
1/
1,
1+
#5170000
0!
0%
#5175000
1!
1%
#5176000
0'
10
1.
1)
#5180000
0!
0%
#5185000
1!
1%
#5186000
1(
00
0.
0-
0,
0+
0)
#5190000
0!
0%
#5195000
1!
1%
b11000100 1
b0 5
b11111 6
02
#5196000
0(
0/
1.
0*
1)
#5200000
0!
0%
#5205000
1!
1%
#5206000
1'
10
0.
1-
1,
1+
1*
0)
#5210000
0!
0%
#5215000
1!
1%
b0 4
b100000 6
12
#5216000
1.
0+
0*
#5220000
0!
0%
#5225000
1!
1%
#5226000
1(
0.
1+
1*
1)
#5230000
0!
0%
#5235000
1!
1%
b11101 1
b1 5
b11111 6
02
#5236000
0'
0(
1/
1.
0,
0+
0*
0)
#5240000
0!
0%
#5245000
1!
1%
#5246000
1(
00
0-
1+
1*
#5250000
0!
0%
#5255000
1!
1%
b1101101 1
b10 5
b11110 6
#5256000
1'
0(
10
0/
1-
0+
0*
1)
#5260000
0!
0%
#5265000
1!
1%
b1 4
b11111 6
#5266000
1(
1,
0)
#5270000
0!
0%
#5275000
1!
1%
b10 4
b11111011 1
b11 5
#5276000
0-
0,
1)
#5280000
0!
0%
#5285000
1!
1%
b11 4
b0 1
b100 5
#5286000
0(
1/
1-
1,
1+
1*
#5290000
0!
0%
#5295000
1!
1%
b100000 6
b100 4
12
#5296000
0'
0,
0)
#5300000
0!
0%
#5305000
1!
1%
#5306000
1'
1(
00
0.
0-
0+
0*
1)
#5310000
0!
0%
#5315000
1!
1%
b11101010 1
b101 5
b11111 6
02
#5316000
0'
0(
10
1-
0)
#5320000
0!
0%
#5325000
1!
1%
#5326000
1'
00
0/
1,
1+
1)
#5330000
0!
0%
#5335000
1!
1%
b101 4
b100000 6
12
#5336000
0'
1(
10
1.
0-
0,
1*
#5340000
0!
0%
#5345000
1!
1%
b11111 6
b111 1
b110 5
02
#5346000
1'
0(
00
1,
0)
#5350000
0!
0%
#5355000
1!
1%
b110 4
b100000 6
12
#5356000
10
1-
0,
#5360000
0!
0%
#5365000
1!
1%
#5366000
0.
0-
1,
0+
0*
1)
#5370000
0!
0%
#5375000
1!
1%
#5376000
0'
00
0,
1*
0)
#5380000
0!
0%
#5385000
1!
1%
#5386000
10
1.
1,
0*
1)
#5390000
0!
0%
#5395000
1!
1%
#5396000
1'
1(
1/
1*
0)
#5400000
0!
0%
#5405000
1!
1%
b11100011 1
b111 5
b11111 6
02
#5406000
00
0/
1+
0*
1)
#5410000
0!
0%
#5415000
1!
1%
b111 4
b11100000 1
b1000 5
#5416000
0,
0+
0)
#5420000
0!
0%
#5425000
1!
1%
b1000 4
b11011110 1
b1001 5
#5426000
0'
0(
1/
1,
1+
1*
1)
#5430000
0!
0%
#5435000
1!
1%
#5436000
1'
1(
10
0/
0.
1-
0,
0+
0)
#5440000
0!
0%
#5445000
1!
1%
b10100001 1
b1010 5
b1001 4
#5446000
1/
1.
0-
1+
#5450000
0!
0%
#5455000
1!
1%
b1010 4
b10101110 1
b1011 5
#5456000
0'
00
0/
1-
1,
0+
#5460000
0!
0%
#5465000
1!
1%
b11110 6
b11001000 1
b1100 5
#5466000
1/
0.
0,
1+
0*
1)
#5470000
0!
0%
#5475000
1!
1%
b10110001 1
b1101 5
b11101 6
#5476000
10
1.
0-
1,
1*
#5480000
0!
0%
#5485000
1!
1%
b11100 6
b111101 1
b1110 5
#5486000
00
0/
0.
1-
0+
0*
#5490000
0!
0%
#5495000
1!
1%
b110100 1
b1111 5
b11011 6
#5496000
1'
1/
0-
0)
#5500000
0!
0%
#5505000
1!
1%
b1011 4
b10001111 1
b10000 5
#5506000
0/
1-
#5510000
0!
0%
#5515000
1!
1%
b1100 4
b1100100 1
b10001 5
#5516000
0(
1/
1.
0-
0,
1+
1*
#5520000
0!
0%
#5525000
1!
1%
b11100 6
b1101 4
#5526000
0.
#5530000
0!
0%
#5535000
1!
1%
b1110 4
b11101 6
#5536000
10
0/
1.
1-
1,
0+
#5540000
0!
0%
#5545000
1!
1%
b11110 6
b1111 4
#5546000
00
0.
0-
0,
1)
#5550000
0!
0%
#5555000
1!
1%
b10000 4
b11111 6
#5556000
1(
10
1-
1,
1+
0*
0)
#5560000
0!
0%
#5565000
1!
1%
b10001 4
b1110001 1
b10010 5
#5566000
1/
0-
0+
#5570000
0!
0%
#5575000
1!
1%
b10010 4
b1110100 1
b10011 5
#5576000
0(
00
1.
1+
1)
#5580000
0!
0%
#5585000
1!
1%
b100000 6
b10011 4
12
#5586000
1(
0/
0,
0+
1*
#5590000
0!
0%
#5595000
1!
1%
b10100000 1
b10100 5
b11111 6
02
#5596000
0(
10
1/
1-
1,
0*
0)
#5600000
0!
0%
#5605000
1!
1%
b10100 4
b100000 6
12
#5606000
0/
0,
1+
1*
#5610000
0!
0%
#5615000
1!
1%
#5616000
0'
0-
0+
1)
#5620000
0!
0%
#5625000
1!
1%
#5626000
00
1/
0.
1-
1,
1+
0)
#5630000
0!
0%
#5635000
1!
1%
#5636000
0/
1.
0,
#5640000
0!
0%
#5645000
1!
1%
#5646000
1'
1(
0.
0-
1)
#5650000
0!
0%
#5655000
1!
1%
b1111 1
b10101 5
b11111 6
02
#5656000
1/
1.
1-
0)
#5660000
0!
0%
#5665000
1!
1%
b10101 4
b1000 1
b10110 5
#5666000
0(
0.
1,
#5670000
0!
0%
#5675000
1!
1%
b100000 6
b10110 4
12
#5676000
1(
10
0/
0-
0,
0*
#5680000
0!
0%
#5685000
1!
1%
b10101000 1
b10111 5
b11111 6
02
#5686000
00
1/
1,
#5690000
0!
0%
#5695000
1!
1%
b10111 4
b10001101 1
b11000 5
#5696000
0(
0/
0+
1)
#5700000
0!
0%
#5705000
1!
1%
b100000 6
b11000 4
12
#5706000
1(
1/
1.
1*
#5710000
0!
0%
#5715000
1!
1%
b10001000 1
b11001 5
b11111 6
02
#5716000
0'
10
0.
0,
0*
#5720000
0!
0%
#5725000
1!
1%
b11110 6
b11011000 1
b11010 5
#5726000
1'
0(
1-
1*
0)
#5730000
0!
0%
#5735000
1!
1%
b11001 4
b11111 6
#5736000
0/
0-
1+
0*
1)
#5740000
0!
0%
#5745000
1!
1%
b100000 6
b11010 4
12
#5746000
0'
1.
1-
1,
1*
#5750000
0!
0%
#5755000
1!
1%
#5756000
1'
#5760000
0!
0%
#5765000
1!
1%
#5766000
00
0-
0,
0+
0*
#5770000
0!
0%
#5775000
1!
1%
#5776000
0'
1(
1-
1+
0)
#5780000
0!
0%
#5785000
1!
1%
b10111100 1
b11011 5
b11111 6
02
#5786000
1'
10
1/
0.
0+
1*
#5790000
0!
0%
#5795000
1!
1%
b11011 4
b10111010 1
b11100 5
#5796000
0'
0(
00
1.
0-
1,
1+
1)
#5800000
0!
0%
#5805000
1!
1%
#5806000
1'
1(
10
0.
1-
0,
0+
0)
#5810000
0!
0%
#5815000
1!
1%
b1101010 1
b11101 5
b11100 4
#5816000
00
1.
#5820000
0!
0%
#5825000
1!
1%
b11101 4
b10010111 1
b11110 5
#5826000
0(
10
0.
0-
1+
#5830000
0!
0%
#5835000
1!
1%
b100000 6
b11110 4
12
#5836000
0'
1(
00
0/
1.
1,
0+
#5840000
0!
0%
#5845000
1!
1%
b1001001 1
b11111 5
b11111 6
02
#5846000
1'
10
0.
1+
#5850000
0!
0%
#5855000
1!
1%
b11111 4
b1111001 1
b0 5
#5856000
0'
0(
0+
0*
1)
#5860000
0!
0%
#5865000
1!
1%
#5866000
00
1-
0,
1+
0)
#5870000
0!
0%
#5875000
1!
1%
#5876000
1(
1,
#5880000
0!
0%
#5885000
1!
1%
b10001101 1
b1 5
b11110 6
#5886000
0(
10
1/
0+
1*
#5890000
0!
0%
#5895000
1!
1%
#5896000
1(
0/
1)
#5900000
0!
0%
#5905000
1!
1%
b11101 1
b10 5
b11101 6
#5906000
00
0*
#5910000
0!
0%
#5915000
1!
1%
b11100 6
b10000101 1
b11 5
#5916000
0(
10
0-
0,
1*
0)
#5920000
0!
0%
#5925000
1!
1%
#5926000
00
1/
1.
1,
1+
#5930000
0!
0%
#5935000
1!
1%
#5936000
1'
1(
10
0/
1-
#5940000
0!
0%
#5945000
1!
1%
b11111111 1
b100 5
b0 4
#5946000
0'
0,
0+
1)
#5950000
0!
0%
#5955000
1!
1%
b11011 6
b10111000 1
b101 5
#5956000
1'
0-
1+
0*
0)
#5960000
0!
0%
#5965000
1!
1%
b1 4
b1110100 1
b110 5
#5966000
0'
1-
1,
#5970000
0!
0%
#5975000
1!
1%
b11010 6
b10110100 1
b111 5
#5976000
1'
0(
1/
0.
0-
0+
1*
#5980000
0!
0%
#5985000
1!
1%
b10 4
b11011 6
#5986000
1(
0/
1.
0*
#5990000
0!
0%
#5995000
1!
1%
b11 4
b100 1
b1000 5
#5996000
1+
1)
#6000000
0!
0%
#6005000
1!
1%
b100 4
b1001001 1
b1001 5
#6006000
0.
0+
1*
#6010000
0!
0%
#6015000
1!
1%
b101 4
b1100111 1
b1010 5
#6016000
1/
1-
0,
0*
#6020000
0!
0%
#6025000
1!
1%
b110 4
b10010 1
b1011 5
#6026000
0(
00
0/
1+
1*
#6030000
0!
0%
#6035000
1!
1%
b11100 6
b111 4
#6036000
0'
1(
1/
0-
1,
0)
#6040000
0!
0%
#6045000
1!
1%
b11000 1
b1100 5
b11011 6
#6046000
1'
0(
10
0,
1)
#6050000
0!
0%
#6055000
1!
1%
b1000 4
b11100 6
#6056000
0'
00
1,
0*
0)
#6060000
0!
0%
#6065000
1!
1%
#6066000
1(
0/
1.
1*
1)
#6070000
0!
0%
#6075000
1!
1%
b1100110 1
b1101 5
b11011 6
#6076000
1/
0.
1-
0+
#6080000
0!
0%
#6085000
1!
1%
b11010 6
b1100010 1
b1110 5
#6086000
1'
0-
0,
0*
#6090000
0!
0%
#6095000
1!
1%
b1001 4
b1011101 1
b1111 5
#6096000
0'
1.
1,
1*
#6100000
0!
0%
#6105000
1!
1%
b11001 6
b11000000 1
b10000 5
#6106000
1'
0.
1-
0,
1+
0*
0)
#6110000
0!
0%
#6115000
1!
1%
b1010 4
b111001 1
b10001 5
#6116000
0(
1.
1,
1*
1)
#6120000
0!
0%
#6125000
1!
1%
b11010 6
b1011 4
#6126000
1(
0/
0.
0-
0,
0+
0*
0)
#6130000
0!
0%
#6135000
1!
1%
b1100 4
b10011 1
b10010 5
#6136000
0'
1/
1.
1-
1*
#6140000
0!
0%
#6145000
1!
1%
b11001 6
b10110110 1
b10011 5
#6146000
1'
0(
10
0/
1+
0*
1)
#6150000
0!
0%
#6155000
1!
1%
b1101 4
b11010 6
#6156000
0'
00
1/
0.
1,
#6160000
0!
0%
#6165000
1!
1%
#6166000
1(
10
0/
1.
0,
1*
#6170000
0!
0%
#6175000
1!
1%
b11111 1
b10100 5
b11001 6
#6176000
00
1/
0.
0-
0*
#6180000
0!
0%
#6185000
1!
1%
b11000 6
b1101110 1
b10101 5
#6186000
1'
0(
10
0+
1*
#6190000
0!
0%
#6195000
1!
1%
b1110 4
b11001 6
#6196000
0'
1(
1.
1,
0*
0)
#6200000
0!
0%
#6205000
1!
1%
b11000 6
b1111010 1
b10110 5
#6206000
0(
00
0.
1+
1*
#6210000
0!
0%
#6215000
1!
1%
#6216000
1(
0/
0+
0*
1)
#6220000
0!
0%
#6225000
1!
1%
b110010 1
b10111 5
b10111 6
#6226000
1'
1/
1.
0,
1+
1*
0)
#6230000
0!
0%
#6235000
1!
1%
b1111 4
b10010000 1
b11000 5
#6236000
0(
10
0/
0.
1-
0*
#6240000
0!
0%
#6245000
1!
1%
b11000 6
b10000 4
#6246000
0'
1(
00
1/
0-
0+
1*
#6250000
0!
0%
#6255000
1!
1%
b1001011 1
b11001 5
b10111 6
#6256000
1'
1.
1-
1,
1)
#6260000
0!
0%
#6265000
1!
1%
b10001 4
b10100001 1
b11010 5
#6266000
0'
0(
10
0.
0-
0)
#6270000
0!
0%
#6275000
1!
1%
#6276000
00
0/
0,
1+
0*
#6280000
0!
0%
#6285000
1!
1%
#6286000
10
1/
1.
1-
1,
0+
1*
#6290000
0!
0%
#6295000
1!
1%
#6296000
1'
1(
0,
0*
#6300000
0!
0%
#6305000
1!
1%
b1001011 1
b11011 5
b10010 4
#6306000
0/
0.
0-
1,
#6310000
0!
0%
#6315000
1!
1%
b10011 4
b11100 5
#6316000
0(
00
1/
1+
#6320000
0!
0%
#6325000
1!
1%
b11000 6
b10100 4
#6326000
1.
1-
0,
0+
1*
#6330000
0!
0%
#6335000
1!
1%
b10101 4
b11001 6
#6336000
10
0/
0-
0*
#6340000
0!
0%
#6345000
1!
1%
b11010 6
b10110 4
#6346000
0'
0.
1,
1*
1)
#6350000
0!
0%
#6355000
1!
1%
#6356000
1'
1(
1/
0,
1+
0*
0)
#6360000
0!
0%
#6365000
1!
1%
b1001110 1
b11101 5
b10111 4
#6366000
0'
0(
0/
1-
1)
#6370000
0!
0%
#6375000
1!
1%
#6376000
1'
1(
00
1,
#6380000
0!
0%
#6385000
1!
1%
b1100011 1
b11110 5
b11000 4
#6386000
0'
0(
0-
0,
1*
0)
#6390000
0!
0%
#6395000
1!
1%
#6396000
1'
1(
10
1-
1,
0+
0*
#6400000
0!
0%
#6405000
1!
1%
b1110001 1
b11111 5
b11001 4
#6406000
0(
1.
1+
#6410000
0!
0%
#6415000
1!
1%
b11011 6
b11010 4
#6416000
00
1/
0-
0,
#6420000
0!
0%
#6425000
1!
1%
b11011 4
b11100 6
#6426000
1(
0/
1-
1)
#6430000
0!
0%
#6435000
1!
1%
b11100 4
b1111101 1
b0 5
#6436000
0'
0(
10
0)
#6440000
0!
0%
#6445000
1!
1%
#6446000
1'
0+
1)
#6450000
0!
0%
#6455000
1!
1%
b11101 4
b11101 6
#6456000
0'
1/
0-
1,
1+
#6460000
0!
0%
#6465000
1!
1%
#6466000
1'
00
0/
1-
0,
0+
#6470000
0!
0%
#6475000
1!
1%
b11110 4
b11110 6
#6476000
1(
0.
1,
1*
0)
#6480000
0!
0%
#6485000
1!
1%
b11111 4
b100101 1
b1 5
#6486000
0'
0(
10
0-
0,
1+
#6490000
0!
0%
#6495000
1!
1%
#6496000
1'
00
1.
1-
0+
1)
#6500000
0!
0%
#6505000
1!
1%
b0 4
b11111 6
#6506000
1/
0.
0-
1,
1+
0*
0)
#6510000
0!
0%
#6515000
1!
1%
b100000 6
b1 4
12
#6516000
0/
1*
#6520000
0!
0%
#6525000
1!
1%
#6526000
0+
0*
1)
#6530000
0!
0%
#6535000
1!
1%
#6536000
10
1/
1-
0,
#6540000
0!
0%
#6545000
1!
1%
#6546000
0/
1.
0-
1+
1*
0)
#6550000
0!
0%
#6555000
1!
1%
#6556000
0'
0.
1,
0+
0*
1)
#6560000
0!
0%
#6565000
1!
1%
#6566000
00
1/
1.
1-
1*
0)
#6570000
0!
0%
#6575000
1!
1%
#6576000
1'
0.
0*
1)
#6580000
0!
0%
#6585000
1!
1%
#6586000
0'
10
0/
0,
1+
1*
#6590000
0!
0%
#6595000
1!
1%
#6596000
1'
00
1,
0+
0)
#6600000
0!
0%
#6605000
1!
1%
#6606000
0'
1.
1+
0*
#6610000
0!
0%
#6615000
1!
1%
#6616000
1'
1(
0.
1*
1)
#6620000
0!
0%
#6625000
1!
1%
b1010011 1
b10 5
b11111 6
02
#6626000
0'
1.
0-
0+
0*
0)
#6630000
0!
0%
#6635000
1!
1%
b11110 6
b10101 1
b11 5
#6636000
0(
1-
0,
1+
#6640000
0!
0%
#6645000
1!
1%
#6646000
1'
1(
10
1/
0.
0+
1*
#6650000
0!
0%
#6655000
1!
1%
b10110101 1
b100 5
b10 4
#6656000
0(
0/
0-
1+
1)
#6660000
0!
0%
#6665000
1!
1%
b11111 6
b11 4
#6666000
0'
1(
1/
1,
0+
0*
0)
#6670000
0!
0%
#6675000
1!
1%
b11010001 1
b101 5
b11110 6
#6676000
1'
1.
1+
1*
1)
#6680000
0!
0%
#6685000
1!
1%
b100 4
b10001011 1
b110 5
#6686000
0(
00
0.
0,
0)
#6690000
0!
0%
#6695000
1!
1%
b11111 6
b101 4
#6696000
0'
10
1-
0+
1)
#6700000
0!
0%
#6705000
1!
1%
#6706000
1'
1(
0-
1,
#6710000
0!
0%
#6715000
1!
1%
b11101000 1
b111 5
b110 4
#6716000
0(
0/
1+
#6720000
0!
0%
#6725000
1!
1%
b100000 6
b111 4
12
#6726000
1(
00
1.
1-
0,
#6730000
0!
0%
#6735000
1!
1%
b11100011 1
b1000 5
b11111 6
02
#6736000
0(
10
0-
1,
0*
#6740000
0!
0%
#6745000
1!
1%
b1000 4
b100000 6
12
#6746000
0'
1(
1-
0+
#6750000
0!
0%
#6755000
1!
1%
b11111 6
b10000010 1
b1001 5
02
#6756000
1/
0.
0-
1+
0)
#6760000
0!
0%
#6765000
1!
1%
b101010 1
b1010 5
b11110 6
#6766000
0/
1.
0+
#6770000
0!
0%
#6775000
1!
1%
b11101 6
b11111110 1
b1011 5
#6776000
1'
1/
1-
0,
1*
#6780000
0!
0%
#6785000
1!
1%
b1001 4
b0 1
b1100 5
#6786000
0(
00
0-
0*
#6790000
0!
0%
#6795000
1!
1%
b11110 6
b1010 4
#6796000
0'
10
1,
1+
1*
#6800000
0!
0%
#6805000
1!
1%
#6806000
0/
0,
0+
0*
1)
#6810000
0!
0%
#6815000
1!
1%
#6816000
1'
1/
0.
1-
1,
1+
0)
#6820000
0!
0%
#6825000
1!
1%
b1011 4
b11111 6
#6826000
00
0/
0,
0+
#6830000
0!
0%
#6835000
1!
1%
b100000 6
b1100 4
12
#6836000
1/
0-
1,
1*
1)
#6840000
0!
0%
#6845000
1!
1%
#6846000
10
0/
0,
0)
#6850000
0!
0%
#6855000
1!
1%
#6856000
1(
1-
1)
#6860000
0!
0%
#6865000
1!
1%
b10101101 1
b1101 5
b11111 6
02
#6866000
00
0-
1,
#6870000
0!
0%
#6875000
1!
1%
b1101 4
b11000011 1
b1110 5
#6876000
1.
0,
0)
#6880000
0!
0%
#6885000
1!
1%
b1110 4
b1100110 1
b1111 5
#6886000
0'
1+
#6890000
0!
0%
#6895000
1!
1%
b11110 6
b101001 1
b10000 5
#6896000
1'
0(
10
#6900000
0!
0%
#6905000
1!
1%
b1111 4
b11111 6
#6906000
0'
1(
0.
1,
0+
#6910000
0!
0%
#6915000
1!
1%
b11110 6
b11011110 1
b10001 5
#6916000
0(
1.
0,
0*
#6920000
0!
0%
#6925000
1!
1%
#6926000
1'
00
0.
1-
1,
1+
1*
#6930000
0!
0%
#6935000
1!
1%
b10000 4
b11111 6
#6936000
0'
1(
10
1/
0-
0,
0+
#6940000
0!
0%
#6945000
1!
1%
b11110 6
b1111 1
b10010 5
#6946000
1'
00
0/
1.
1-
1,
1+
1)
#6950000
0!
0%
#6955000
1!
1%
b10001 4
b10001 1
b10011 5
#6956000
0(
10
0.
0-
0)
#6960000
0!
0%
#6965000
1!
1%
b11111 6
b10010 4
#6966000
0'
00
1.
1-
0,
1)
#6970000
0!
0%
#6975000
1!
1%
#6976000
1'
0.
0)
#6980000
0!
0%
#6985000
1!
1%
b10011 4
b100000 6
12
#6986000
1(
1/
0-
0*
#6990000
0!
0%
#6995000
1!
1%
b11111 6
b110010 1
b10100 5
02
#6996000
0(
1*
1)
#7000000
0!
0%
#7005000
1!
1%
b10100 4
b100000 6
12
#7006000
0'
0/
0*
0)
#7010000
0!
0%
#7015000
1!
1%
#7016000
1'
1(
1-
0+
1*
#7020000
0!
0%
#7025000
1!
1%
b1001110 1
b10101 5
b11111 6
02
#7026000
0'
0(
10
0-
1+
0*
#7030000
0!
0%
#7035000
1!
1%
#7036000
1'
1(
1.
1)
#7040000
0!
0%
#7045000
1!
1%
b101 1
b10110 5
b10101 4
#7046000
0'
0(
00
1/
0.
1-
0+
0)
#7050000
0!
0%
#7055000
1!
1%
#7056000
1'
10
0/
0-
1,
#7060000
0!
0%
#7065000
1!
1%
b10110 4
b100000 6
12
#7066000
0'
1/
0,
#7070000
0!
0%
#7075000
1!
1%
#7076000
1'
00
1.
1)
#7080000
0!
0%
#7085000
1!
1%
#7086000
0'
10
0/
1,
1+
1*
0)
#7090000
0!
0%
#7095000
1!
1%
#7096000
1/
0.
1-
0,
0+
#7100000
0!
0%
#7105000
1!
1%
#7106000
1'
1(
00
0/
1,
1+
0*
#7110000
0!
0%
#7115000
1!
1%
b100011 1
b10111 5
b11111 6
02
#7116000
0(
1*
#7120000
0!
0%
#7125000
1!
1%
b10111 4
b100000 6
12
#7126000
0'
1.
0,
0*
#7130000
0!
0%
#7135000
1!
1%
#7136000
1/
0+
1*
#7140000
0!
0%
#7145000
1!
1%
#7146000
1'
1(
0*
1)
#7150000
0!
0%
#7155000
1!
1%
b10111000 1
b11000 5
b11111 6
02
#7156000
0(
0-
1+
1*
#7160000
0!
0%
#7165000
1!
1%
b11000 4
b100000 6
12
#7166000
1(
0/
0.
1-
0*
0)
#7170000
0!
0%
#7175000
1!
1%
b11111 6
b11001 1
b11001 5
02
#7176000
0'
0(
1,
#7180000
0!
0%
#7185000
1!
1%
#7186000
10
1/
1*
#7190000
0!
0%
#7195000
1!
1%
#7196000
1'
00
0/
0,
0+
1)
#7200000
0!
0%
#7205000
1!
1%
b11001 4
b100000 6
12
#7206000
0'
1.
1,
1+
0*
#7210000
0!
0%
#7215000
1!
1%
#7216000
10
1/
0-
1*
#7220000
0!
0%
#7225000
1!
1%
#7226000
0+
0*
0)
#7230000
0!
0%
#7235000
1!
1%
#7236000
1'
00
0/
1-
1*
#7240000
0!
0%
#7245000
1!
1%
#7246000
0'
10
1/
0-
0,
1)
#7250000
0!
0%
#7255000
1!
1%
#7256000
1'
1(
00
1,
1+
#7260000
0!
0%
#7265000
1!
1%
b111101 1
b11010 5
b11111 6
02
#7266000
0'
0(
10
0.
0,
0+
0*
0)
#7270000
0!
0%
#7275000
1!
1%
#7276000
1'
1(
00
1.
1-
1,
1*
#7280000
0!
0%
#7285000
1!
1%
b100110 1
b11011 5
b11010 4
#7286000
0'
0(
10
0.
0-
0,
1)
#7290000
0!
0%
#7295000
1!
1%
#7296000
0/
1-
1,
1+
#7300000
0!
0%
#7305000
1!
1%
#7306000
1'
1(
00
1/
0-
0*
0)
#7310000
0!
0%
#7315000
1!
1%
b10101100 1
b11100 5
b11011 4
#7316000
0'
0(
10
0/
1.
#7320000
0!
0%
#7325000
1!
1%
#7326000
1'
1(
1/
0,
0+
1*
#7330000
0!
0%
#7335000
1!
1%
b10001101 1
b11101 5
b11100 4
#7336000
0'
0(
0/
0.
1,
0*
1)
#7340000
0!
0%
#7345000
1!
1%
#7346000
1'
1.
0,
1+
1*
#7350000
0!
0%
#7355000
1!
1%
b11101 4
b100000 6
12
#7356000
0+
0*
#7360000
0!
0%
#7365000
1!
1%
#7366000
0'
1(
00
1/
0.
1,
1+
1*
#7370000
0!
0%
#7375000
1!
1%
b10001100 1
b11110 5
b11111 6
02
#7376000
1'
0(
1.
1-
#7380000
0!
0%
#7385000
1!
1%
b11110 4
b100000 6
12
#7386000
0'
0/
0.
0-
0,
0+
0*
0)
#7390000
0!
0%
#7395000
1!
1%
#7396000
1'
1.
1-
1,
1+
1)
#7400000
0!
0%
#7405000
1!
1%
#7406000
10
1/
1*
#7410000
0!
0%
#7415000
1!
1%
#7416000
1(
0/
0.
0-
0+
0*
#7420000
0!
0%
#7425000
1!
1%
b1011000 1
b11111 5
b11111 6
02
#7426000
00
1+
#7430000
0!
0%
#7435000
1!
1%
b11111 4
b11001100 1
b0 5
#7436000
0'
10
1-
0+
1*
0)
#7440000
0!
0%
#7445000
1!
1%
b11110 6
b110010 1
b1 5
#7446000
0(
0-
0*
#7450000
0!
0%
#7455000
1!
1%
#7456000
1'
00
1/
1.
1+
#7460000
0!
0%
#7465000
1!
1%
b0 4
b11111 6
#7466000
1(
0.
1-
#7470000
0!
0%
#7475000
1!
1%
b1 4
b1001011 1
b10 5
#7476000
0(
0-
0,
1*
1)
#7480000
0!
0%
#7485000
1!
1%
b100000 6
b10 4
12
#7486000
10
1.
1,
0*
0)
#7490000
0!
0%
#7495000
1!
1%
#7496000
0'
1(
0/
0.
0,
0+
1*
1)
#7500000
0!
0%
#7505000
1!
1%
b11100001 1
b11 5
b11111 6
02
#7506000
0(
00
1,
1+
0)
#7510000
0!
0%
#7515000
1!
1%
#7516000
10
1-
0,
0+
0*
1)
#7520000
0!
0%
#7525000
1!
1%
#7526000
1'
1(
1/
0-
1*
#7530000
0!
0%
#7535000
1!
1%
b11110111 1
b100 5
b11 4
#7536000
0(
00
0/
1-
1,
0*
0)
#7540000
0!
0%
#7545000
1!
1%
b100000 6
b100 4
12
#7546000
0'
10
0,
1)
#7550000
0!
0%
#7555000
1!
1%
#7556000
00
1/
1.
0-
1,
1+
1*
#7560000
0!
0%
#7565000
1!
1%
#7566000
1'
10
0)
#7570000
0!
0%
#7575000
1!
1%
#7576000
0'
00
0/
0.
1-
0,
0+
#7580000
0!
0%
#7585000
1!
1%
#7586000
1'
10
1.
1+
#7590000
0!
0%
#7595000
1!
1%
#7596000
1(
0.
0+
0*
#7600000
0!
0%
#7605000
1!
1%
b1100010 1
b101 5
b11111 6
02
#7606000
0(
00
1.
0-
1+
1)
#7610000
0!
0%
#7615000
1!
1%
b101 4
b100000 6
12
#7616000
1(
10
0.
1-
1,
0+
0)
#7620000
0!
0%
#7625000
1!
1%
b11111 6
b11010011 1
b110 5
02
#7626000
0(
00
1/
0-
0,
1+
1)
#7630000
0!
0%
#7635000
1!
1%
b110 4
b100000 6
12
#7636000
1(
1.
1-
1,
1*
#7640000
0!
0%
#7645000
1!
1%
b11111 6
b11110001 1
b111 5
02
#7646000
0'
0(
0.
0,
#7650000
0!
0%
#7655000
1!
1%
#7656000
1(
0/
1.
0-
0+
0)
#7660000
0!
0%
#7665000
1!
1%
b10110101 1
b1000 5
b11110 6
#7666000
0(
0.
1+
#7670000
0!
0%
#7675000
1!
1%
#7676000
1'
1(
1.
1-
1,
0*
#7680000
0!
0%
#7685000
1!
1%
b1001111 1
b1001 5
b111 4
#7686000
0(
10
1/
0,
1)
#7690000
0!
0%
#7695000
1!
1%
b11111 6
b1000 4
#7696000
0'
0/
0.
1,
0+
#7700000
0!
0%
#7705000
1!
1%
#7706000
1'
1/
1+
#7710000
0!
0%
#7715000
1!
1%
b1001 4
b100000 6
12
#7716000
00
1.
0-
1*
#7720000
0!
0%
#7725000
1!
1%
#7726000
1(
10
0/
1-
0,
0)
#7730000
0!
0%
#7735000
1!
1%
b110 1
b1010 5
b11111 6
02
#7736000
0(
00
0.
0*
1)
#7740000
0!
0%
#7745000
1!
1%
b1010 4
b100000 6
12
#7746000
0'
1(
1/
1*
0)
#7750000
0!
0%
#7755000
1!
1%
b11111 6
b111011 1
b1011 5
02
#7756000
1.
1,
0*
1)
#7760000
0!
0%
#7765000
1!
1%
b1000 1
b1100 5
b11110 6
#7766000
1'
10
0/
0.
0,
1*
0)
#7770000
0!
0%
#7775000
1!
1%
b1011 4
b11010000 1
b1101 5
#7776000
0'
1.
1,
0+
1)
#7780000
0!
0%
#7785000
1!
1%
b11101 6
b1000100 1
b1110 5
#7786000
1/
0-
0,
0)
#7790000
0!
0%
#7795000
1!
1%
b1100101 1
b1111 5
b11100 6
#7796000
1'
0/
0.
1-
1+
0*
#7800000
0!
0%
#7805000
1!
1%
b1100 4
b1111000 1
b10000 5
#7806000
1/
1.
1*
1)
#7810000
0!
0%
#7815000
1!
1%
b1101 4
b11111100 1
b10001 5
#7816000
00
0-
0*
#7820000
0!
0%
#7825000
1!
1%
b1110 4
b1110001 1
b10010 5
#7826000
0(
0.
0+
0)
#7830000
0!
0%
#7835000
1!
1%
b11101 6
b1111 4
#7836000
0'
1(
10
0/
1,
1)
#7840000
0!
0%
#7845000
1!
1%
b1101000 1
b10011 5
b11100 6
#7846000
1/
1.
0)
#7850000
0!
0%
#7855000
1!
1%
b11011 6
b11100010 1
b10100 5
#7856000
1'
0(
00
0/
0.
0,
1+
1)
#7860000
0!
0%
#7865000
1!
1%
b10000 4
b11100 6
#7866000
1(
10
1/
1.
1-
1,
0+
0)
#7870000
0!
0%
#7875000
1!
1%
b10001 4
b10100101 1
b10101 5
#7876000
0'
0.
0-
1+
1)
#7880000
0!
0%
#7885000
1!
1%
b11011 6
b10001 1
b10110 5
#7886000
1'
1.
0,
0+
#7890000
0!
0%
#7895000
1!
1%
b10010 4
b1111000 1
b10111 5
#7896000
00
0/
#7900000
0!
0%
#7905000
1!
1%
b10011 4
b11100110 1
b11000 5
#7906000
0(
10
1/
1-
1,
1+
1*
#7910000
0!
0%
#7915000
1!
1%
b11100 6
b10100 4
#7916000
1(
0/
0)
#7920000
0!
0%
#7925000
1!
1%
b10101 4
b11001000 1
b11001 5
#7926000
0'
00
0-
0,
0*
1)
#7930000
0!
0%
#7935000
1!
1%
b11011 6
b1011110 1
b11010 5
#7936000
1'
0(
10
1-
#7940000
0!
0%
#7945000
1!
1%
b10110 4
b11100 6
#7946000
0'
00
1/
0.
1,
0+
#7950000
0!
0%
#7955000
1!
1%
#7956000
1'
1(
0/
0-
0,
1+
#7960000
0!
0%
#7965000
1!
1%
b110010 1
b11011 5
b10111 4
#7966000
0(
1,
0+
1*
0)
#7970000
0!
0%
#7975000
1!
1%
b11101 6
b11000 4
#7976000
0'
10
1/
1.
0,
1)
#7980000
0!
0%
#7985000
1!
1%
#7986000
1(
00
0/
1+
0)
#7990000
0!
0%
#7995000
1!
1%
b1000111 1
b11100 5
b11100 6
#7996000
1/
0.
1-
1,
0*
1)
#8000000
0!
0%
#8005000
1!
1%
b11011 6
b11100101 1
b11101 5
#8006000
1'
10
0,
0+
1*
0)
#8010000
0!
0%
#8015000
1!
1%
b11001 4
b11111110 1
b11110 5
#8016000
0'
0(
00
1.
0-
1,
1+
0*
1)
#8020000
0!
0%
#8025000
1!
1%
#8026000
1'
0,
#8030000
0!
0%
#8035000
1!
1%
b11010 4
b11100 6
#8036000
10
0/
1-
1,
1*
#8040000
0!
0%
#8045000
1!
1%
b11101 6
b11011 4
#8046000
1(
0.
0,
0+
0*
#8050000
0!
0%
#8055000
1!
1%
b11100 4
b10110000 1
b11111 5
#8056000
0(
00
1/
1,
1+
1*
#8060000
0!
0%
#8065000
1!
1%
b11110 6
b11101 4
#8066000
0'
10
1.
0-
0+
0*
#8070000
0!
0%
#8075000
1!
1%
#8076000
0.
0,
1+
#8080000
0!
0%
#8085000
1!
1%
#8086000
00
1-
1*
#8090000
0!
0%
#8095000
1!
1%
#8096000
1(
10
0/
1.
1,
0+
0*
#8100000
0!
0%
#8105000
1!
1%
b110110 1
b0 5
b11101 6
#8106000
0.
0-
1*
#8110000
0!
0%
#8115000
1!
1%
b11100 6
b111010 1
b1 5
#8116000
1.
1-
0,
1+
0*
0)
#8120000
0!
0%
#8125000
1!
1%
b11100010 1
b10 5
b11011 6
#8126000
1/
0-
1,
0+
1*
#8130000
0!
0%
#8135000
1!
1%
b11010 6
b11000011 1
b11 5
#8136000
1'
0(
0/
1+
0*
1)
#8140000
0!
0%
#8145000
1!
1%
b11110 4
b11011 6
#8146000
1(
00
1/
0.
1-
#8150000
0!
0%
#8155000
1!
1%
b11111 4
b11000 1
b100 5
#8156000
10
0/
1.
0,
0+
0)
#8160000
0!
0%
#8165000
1!
1%
b0 4
b10100100 1
b101 5
#8166000
0-
1,
1+
1*
1)
#8170000
0!
0%
#8175000
1!
1%
b1 4
b10100010 1
b110 5
#8176000
0'
0(
00
1/
1-
0*
0)
#8180000
0!
0%
#8185000
1!
1%
#8186000
1'
10
0,
1)
#8190000
0!
0%
#8195000
1!
1%
b10 4
b11100 6
#8196000
00
1,
0+
#8200000
0!
0%
#8205000
1!
1%
b11101 6
b11 4
#8206000
0'
10
0-
0,
1*
#8210000
0!
0%
#8215000
1!
1%
#8216000
00
0/
1+
0)
#8220000
0!
0%
#8225000
1!
1%
#8226000
1/
1,
#8230000
0!
0%
#8235000
1!
1%
#8236000
1'
0.
#8240000
0!
0%
#8245000
1!
1%
b100 4
b11110 6
#8246000
0'
0/
1-
0,
0+
#8250000
0!
0%
#8255000
1!
1%
#8256000
1'
1(
10
1.
1)
#8260000
0!
0%
#8265000
1!
1%
b111100 1
b111 5
b101 4
#8266000
0(
0.
1,
1+
0*
#8270000
0!
0%
#8275000
1!
1%
b11111 6
b110 4
#8276000
0'
1(
00
1/
1.
0-
0,
0+
#8280000
0!
0%
#8285000
1!
1%
b10101111 1
b1000 5
b11110 6
#8286000
1'
0(
0/
0.
1,
1+
#8290000
0!
0%
#8295000
1!
1%
b111 4
b11111 6
#8296000
1/
1.
1-
0+
0)
#8300000
0!
0%
#8305000
1!
1%
b100000 6
b1000 4
12
#8306000
0/
0.
0-
1*
#8310000
0!
0%
#8315000
1!
1%
#8316000
0'
10
1.
0,
1+
1)
#8320000
0!
0%
#8325000
1!
1%
#8326000
1(
0.
0+
0*
#8330000
0!
0%
#8335000
1!
1%
b10111011 1
b1001 5
b11111 6
02
#8336000
0(
00
1.
1-
1,
#8340000
0!
0%
#8345000
1!
1%
#8346000
1/
0.
0,
1+
1*
0)
#8350000
0!
0%
#8355000
1!
1%
#8356000
1'
1(
10
0/
1.
1,
0*
1)
#8360000
0!
0%
#8365000
1!
1%
b10101000 1
b1010 5
b1001 4
#8366000
0(
00
0+
0)
#8370000
0!
0%
#8375000
1!
1%
b100000 6
b1010 4
12
#8376000
0.
0-
0,
#8380000
0!
0%
#8385000
1!
1%
#8386000
1(
10
1+
1*
#8390000
0!
0%
#8395000
1!
1%
b1101001 1
b1011 5
b11111 6
02
#8396000
0'
0(
1/
1.
1-
1,
0+
0*
1)
#8400000
0!
0%
#8405000
1!
1%
#8406000
0-
0)
#8410000
0!
0%
#8415000
1!
1%
#8416000
1'
0/
1-
0,
1+
#8420000
0!
0%
#8425000
1!
1%
b1011 4
b100000 6
12
#8426000
0.
0+
1)
#8430000
0!
0%
#8435000
1!
1%
#8436000
1,
1*
0)
#8440000
0!
0%
#8445000
1!
1%
#8446000
0'
1(
1.
1+
0*
1)
#8450000
0!
0%
#8455000
1!
1%
b101001 1
b1100 5
b11111 6
02
#8456000
1'
00
1/
0.
0-
0,
0+
1*
0)
#8460000
0!
0%
#8465000
1!
1%
b1100 4
b11101111 1
b1101 5
#8466000
10
0/
1-
1,
1+
1)
#8470000
0!
0%
#8475000
1!
1%
b1101 4
b10100110 1
b1110 5
#8476000
0(
00
1/
#8480000
0!
0%
#8485000
1!
1%
b100000 6
b1110 4
12
#8486000
0/
0-
0,
0+
0*
0)
#8490000
0!
0%
#8495000
1!
1%
#8496000
0'
1(
1-
1+
1*
1)
#8500000
0!
0%
#8505000
1!
1%
b10 1
b1111 5
b11111 6
02
#8506000
1'
0(
0*
0)
#8510000
0!
0%
#8515000
1!
1%
b1111 4
b100000 6
12
#8516000
0'
10
1.
1,
0+
1*
#8520000
0!
0%
#8525000
1!
1%
#8526000
1/
0-
0,
#8530000
0!
0%
#8535000
1!
1%
#8536000
00
0/
0.
1-
0*
#8540000
0!
0%
#8545000
1!
1%
#8546000
1'
0-
#8550000
0!
0%
#8555000
1!
1%
#8556000
1.
1-
#8560000
0!
0%
#8565000
1!
1%
#8566000
0.
1+
#8570000
0!
0%
#8575000
1!
1%
#8576000
10
1/
1.
1,
1*
1)
#8580000
0!
0%
#8585000
1!
1%
#8586000
00
0/
0.
0-
0,
0)
#8590000
0!
0%
#8595000
1!
1%
#8596000
1(
1.
1-
0+
0*
1)
#8600000
0!
0%
#8605000
1!
1%
b10100000 1
b10000 5
b11111 6
02
#8606000
0(
0.
1,
1+
0)
#8610000
0!
0%
#8615000
1!
1%
b10000 4
b100000 6
12
#8616000
0'
1.
0+
#8620000
0!
0%
#8625000
1!
1%
#8626000
1'
0.
0-
0,
1+
1*
#8630000
0!
0%
#8635000
1!
1%
#8636000
10
1/
0+
#8640000
0!
0%
#8645000
1!
1%
#8646000
0'
1(
00
0/
0*
#8650000
0!
0%
#8655000
1!
1%
b11111 1
b10001 5
b11111 6
02
#8656000
1'
10
1/
1,
1+
#8660000
0!
0%
#8665000
1!
1%
b10001 4
b10000111 1
b10010 5
#8666000
00
1-
1*
#8670000
0!
0%
#8675000
1!
1%
b10010 4
b10000100 1
b10011 5
#8676000
0(
10
0-
0,
0+
0*
1)
#8680000
0!
0%
#8685000
1!
1%
b100000 6
b10011 4
12
#8686000
00
0/
1.
1-
1,
1+
#8690000
0!
0%
#8695000
1!
1%
#8696000
10
0-
0,
0+
1*
0)
#8700000
0!
0%
#8705000
1!
1%
#8706000
0'
1/
0.
1-
1,
0*
1)
#8710000
0!
0%
#8715000
1!
1%
#8716000
0/
1+
0)
#8720000
0!
0%
#8725000
1!
1%
#8726000
1'
00
1.
0,
0+
1*
1)
#8730000
0!
0%
#8735000
1!
1%
#8736000
10
1,
1+
0*
#8740000
0!
0%
#8745000
1!
1%
#8746000
0'
00
1/
0-
0,
1*
0)
#8750000
0!
0%
#8755000
1!
1%
#8756000
1'
1(
1-
1,
0*
1)
#8760000
0!
0%
#8765000
1!
1%
b11111111 1
b10100 5
b11111 6
02
#8766000
0'
0(
10
0+
1*
#8770000
0!
0%
#8775000
1!
1%
#8776000
1'
00
0.
0-
0,
1+
#8780000
0!
0%
#8785000
1!
1%
b10100 4
b100000 6
12
#8786000
0/
1-
1,
#8790000
0!
0%
#8795000
1!
1%
#8796000
1/
0,
0*
0)
#8800000
0!
0%
#8805000
1!
1%
#8806000
0'
1(
10
0/
1.
1,
0+
#8810000
0!
0%
#8815000
1!
1%
b1111101 1
b10101 5
b11111 6
02
#8816000
1'
00
0,
#8820000
0!
0%
#8825000
1!
1%
b10101 4
b10101101 1
b10110 5
#8826000
10
1/
0-
1+
1*
#8830000
0!
0%
#8835000
1!
1%
b10110 4
b10100000 1
b10111 5
#8836000
0(
00
0/
0.
1,
#8840000
0!
0%
#8845000
1!
1%
b100000 6
b10111 4
12
#8846000
1(
1/
0*
1)
#8850000
0!
0%
#8855000
1!
1%
b1010000 1
b11000 5
b11111 6
02
#8856000
0(
10
1.
0+
0)
#8860000
0!
0%
#8865000
1!
1%
b11000 4
b100000 6
12
#8866000
0.
1-
0,
1+
#8870000
0!
0%
#8875000
1!
1%
#8876000
0/
0-
1*
1)
#8880000
0!
0%
#8885000
1!
1%
#8886000
1/
1.
1,
0*
#8890000
0!
0%
#8895000
1!
1%
#8896000
1(
0/
0+
1*
0)
#8900000
0!
0%
#8905000
1!
1%
b1001011 1
b11001 5
b11111 6
02
#8906000
0(
00
0.
1-
0,
1+
0*
#8910000
0!
0%
#8915000
1!
1%
b11001 4
b100000 6
12
#8916000
1(
0+
1)
#8920000
0!
0%
#8925000
1!
1%
b11111 6
b10100110 1
b11010 5
02
#8926000
0'
10
1/
0-
1*
#8930000
0!
0%
#8935000
1!
1%
b11111101 1
b11011 5
b11110 6
#8936000
0/
1-
1,
1+
0)
#8940000
0!
0%
#8945000
1!
1%
b11101 6
b10001001 1
b11100 5
#8946000
1'
00
1/
1.
0-
0+
0*
1)
#8950000
0!
0%
#8955000
1!
1%
b11010 4
b11111010 1
b11101 5
#8956000
0(
0/
0.
1*
0)
#8960000
0!
0%
#8965000
1!
1%
b11110 6
b11011 4
#8966000
1(
0,
#8970000
0!
0%
#8975000
1!
1%
b11100 4
b10110101 1
b11110 5
#8976000
0(
1.
1+
1)
#8980000
0!
0%
#8985000
1!
1%
b11111 6
b11101 4
#8986000
10
1/
0.
1-
1,
0*
#8990000
0!
0%
#8995000
1!
1%
b11110 4
b100000 6
12
#8996000
0-
0,
1*
#9000000
0!
0%
#9005000
1!
1%
#9006000
1(
1.
#9010000
0!
0%
#9015000
1!
1%
b10111010 1
b11111 5
b11111 6
02
#9016000
0'
0(
00
0/
0*
#9020000
0!
0%
#9025000
1!
1%
#9026000
10
0.
0+
1*
#9030000
0!
0%
#9035000
1!
1%
#9036000
1(
1.
1-
#9040000
0!
0%
#9045000
1!
1%
b1101 1
b0 5
b11110 6
#9046000
00
1/
1,
0*
#9050000
0!
0%
#9055000
1!
1%
b11101 6
b11110101 1
b1 5
#9056000
1'
0(
0/
0.
0-
0,
1+
1*
#9060000
0!
0%
#9065000
1!
1%
b11111 4
b11110 6
#9066000
1(
1.
1-
1,
0*
#9070000
0!
0%
#9075000
1!
1%
b0 4
b10101111 1
b10 5
#9076000
0'
0(
10
0.
0-
0,
#9080000
0!
0%
#9085000
1!
1%
#9086000
1'
1/
#9090000
0!
0%
#9095000
1!
1%
b1 4
b11111 6
#9096000
1(
0/
1.
1,
0+
#9100000
0!
0%
#9105000
1!
1%
b10 4
b10011110 1
b11 5
#9106000
0'
0(
1/
1+
0)
#9110000
0!
0%
#9115000
1!
1%
#9116000
1(
0/
0,
0+
#9120000
0!
0%
#9125000
1!
1%
b1110010 1
b100 5
b11110 6
#9126000
1'
0(
00
0.
1-
1,
1+
1*
1)
#9130000
0!
0%
#9135000
1!
1%
b11 4
b11111 6
#9136000
0'
10
1/
0,
0+
0)
#9140000
0!
0%
#9145000
1!
1%
#9146000
1'
1(
00
1+
0*
#9150000
0!
0%
#9155000
1!
1%
b11001101 1
b101 5
b100 4
#9156000
0'
0/
1.
0-
1,
0+
1*
#9160000
0!
0%
#9165000
1!
1%
b11110 6
b10111001 1
b110 5
#9166000
1'
10
1/
1-
1+
0*
1)
#9170000
0!
0%
#9175000
1!
1%
b101 4
b10110000 1
b111 5
#9176000
0'
00
0/
0-
0+
1*
#9180000
0!
0%
#9185000
1!
1%
b11101 6
b11110 1
b1000 5
#9186000
0(
0.
0,
0)
#9190000
0!
0%
#9195000
1!
1%
#9196000
1,
#9200000
0!
0%
#9205000
1!
1%
#9206000
1'
1(
10
1/
1.
1-
1+
0*
#9210000
0!
0%
#9215000
1!
1%
b10111101 1
b1001 5
b110 4
#9216000
0(
00
0.
0-
0,
0+
1*
#9220000
0!
0%
#9225000
1!
1%
b11110 6
b111 4
#9226000
0'
1(
0/
1.
1,
1+
0*
1)
#9230000
0!
0%
#9235000
1!
1%
b11100 1
b1010 5
b11101 6
#9236000
1'
1-
1*
0)
#9240000
0!
0%
#9245000
1!
1%
b1000 4
b101101 1
b1011 5
#9246000
0(
1/
0+
0*
1)
#9250000
0!
0%
#9255000
1!
1%
b11110 6
b1001 4
#9256000
0'
1(
10
0/
1*
#9260000
0!
0%
#9265000
1!
1%
b1000010 1
b1100 5
b11101 6
#9266000
1'
00
0.
0-
1+
0)
#9270000
0!
0%
#9275000
1!
1%
b1010 4
b11111001 1
b1101 5
#9276000
0(
10
1/
1-
0+
#9280000
0!
0%
#9285000
1!
1%
b11110 6
b1011 4
#9286000
0/
1+
0*
1)
#9290000
0!
0%
#9295000
1!
1%
b1100 4
b11111 6
#9296000
00
1.
0,
#9300000
0!
0%
#9305000
1!
1%
b100000 6
b1101 4
12
#9306000
1(
1/
1,
1*
0)
#9310000
0!
0%
#9315000
1!
1%
b11111010 1
b1110 5
b11111 6
02
#9316000
0/
0-
0,
0*
1)
#9320000
0!
0%
#9325000
1!
1%
b1110 4
b101000 1
b1111 5
#9326000
0'
1/
0.
1-
1,
0+
#9330000
0!
0%
#9335000
1!
1%
b11110 6
b111000 1
b10000 5
#9336000
1'
0(
0-
0,
1+
0)
#9340000
0!
0%
#9345000
1!
1%
b1111 4
b11111 6
#9346000
1(
1.
1-
1,
0+
1*
#9350000
0!
0%
#9355000
1!
1%
b10000 4
b110011 1
b10001 5
#9356000
0'
10
0-
0,
1+
1)
#9360000
0!
0%
#9365000
1!
1%
b11110 6
b1111010 1
b10010 5
#9366000
1'
0/
0+
0*
#9370000
0!
0%
#9375000
1!
1%
b10001 4
b10000011 1
b10011 5
#9376000
0'
0(
1-
1+
1*
0)
#9380000
0!
0%
#9385000
1!
1%
#9386000
1'
0-
1,
0*
#9390000
0!
0%
#9395000
1!
1%
b10010 4
b11111 6
#9396000
1(
00
0,
0+
1*
1)
#9400000
0!
0%
#9405000
1!
1%
b10011 4
b11100010 1
b10100 5
#9406000
0'
0.
0*
#9410000
0!
0%
#9415000
1!
1%
b11110 6
b1100 1
b10101 5
#9416000
1'
0(
10
1/
1.
1-
1,
1+
0)
#9420000
0!
0%
#9425000
1!
1%
b10100 4
b11111 6
#9426000
0-
0+
1*
#9430000
0!
0%
#9435000
1!
1%
b100000 6
b10101 4
12
#9436000
0'
00
0.
1-
0,
1+
0*
1)
#9440000
0!
0%
#9445000
1!
1%
#9446000
1'
1(
1,
#9450000
0!
0%
#9455000
1!
1%
b1100111 1
b10110 5
b11111 6
02
#9456000
10
0/
1.
0-
0+
1*
0)
#9460000
0!
0%
#9465000
1!
1%
b10110 4
b1110000 1
b10111 5
#9466000
0(
1-
0,
1)
#9470000
0!
0%
#9475000
1!
1%
b100000 6
b10111 4
12
#9476000
0'
00
0.
1+
0*
#9480000
0!
0%
#9485000
1!
1%
#9486000
1.
0-
1,
0)
#9490000
0!
0%
#9495000
1!
1%
#9496000
1'
1(
10
1/
1*
#9500000
0!
0%
#9505000
1!
1%
b10111 1
b11000 5
b11111 6
02
#9506000
0'
00
0/
1-
0,
#9510000
0!
0%
#9515000
1!
1%
b11110 6
b101000 1
b11001 5
#9516000
10
#9520000
0!
0%
#9525000
1!
1%
b10010110 1
b11010 5
b11101 6
#9526000
0(
1/
0.
0-
0+
1)
#9530000
0!
0%
#9535000
1!
1%
#9536000
1'
00
0/
1,
0)
#9540000
0!
0%
#9545000
1!
1%
b11000 4
b11110 6
#9546000
1/
#9550000
0!
0%
#9555000
1!
1%
b11111 6
b11001 4
#9556000
0'
10
1-
0,
1+
0*
#9560000
0!
0%
#9565000
1!
1%
#9566000
1'
00
0/
1.
0+
1*
#9570000
0!
0%
#9575000
1!
1%
b11010 4
b100000 6
12
#9576000
0'
1(
10
1/
0.
0-
1,
1+
0*
#9580000
0!
0%
#9585000
1!
1%
b11111 6
b1010000 1
b11011 5
02
#9586000
1'
0(
00
1.
0,
1)
#9590000
0!
0%
#9595000
1!
1%
b11011 4
b100000 6
12
#9596000
1(
0.
1-
0+
1*
#9600000
0!
0%
#9605000
1!
1%
b11111 6
b1000000 1
b11100 5
02
#9606000
0/
1.
0-
1,
1+
#9610000
0!
0%
#9615000
1!
1%
b11100 4
b11100100 1
b11101 5
#9616000
0(
1-
0,
0*
0)
#9620000
0!
0%
#9625000
1!
1%
b100000 6
b11101 4
12
#9626000
1(
10
0.
0+
1)
#9630000
0!
0%
#9635000
1!
1%
b10111011 1
b11110 5
b11111 6
02
#9636000
0'
0(
1.
1,
0)
#9640000
0!
0%
#9645000
1!
1%
#9646000
1'
1(
00
0-
0,
1+
1)
#9650000
0!
0%
#9655000
1!
1%
b11100000 1
b11111 5
b11110 4
#9656000
10
1/
0.
1-
1*
0)
#9660000
0!
0%
#9665000
1!
1%
b11111 4
b10111100 1
b0 5
#9666000
0'
0(
00
0-
0+
#9670000
0!
0%
#9675000
1!
1%
#9676000
1'
1(
1.
1-
1,
1)
#9680000
0!
0%
#9685000
1!
1%
b10100011 1
b1 5
b0 4
#9686000
0.
0,
#9690000
0!
0%
#9695000
1!
1%
b1 4
b10010101 1
b10 5
#9696000
0'
0(
0-
0*
0)
#9700000
0!
0%
#9705000
1!
1%
#9706000
1'
1(
10
1,
1+
1)
#9710000
0!
0%
#9715000
1!
1%
b11111000 1
b11 5
b10 4
#9716000
0(
0/
1-
0+
0)
#9720000
0!
0%
#9725000
1!
1%
b100000 6
b11 4
12
#9726000
1(
00
1/
1.
0-
1)
#9730000
0!
0%
#9735000
1!
1%
b101010 1
b100 5
b11111 6
02
#9736000
0(
10
1-
1+
0)
#9740000
0!
0%
#9745000
1!
1%
b100 4
b100000 6
12
#9746000
0'
0.
0,
0+
1)
#9750000
0!
0%
#9755000
1!
1%
#9756000
1'
00
0/
1.
0-
#9760000
0!
0%
#9765000
1!
1%
#9766000
0'
1(
10
1/
0.
1-
1+
1*
0)
#9770000
0!
0%
#9775000
1!
1%
b10111111 1
b101 5
b11111 6
02
#9776000
1'
0(
0-
1,
0*
#9780000
0!
0%
#9785000
1!
1%
b101 4
b100000 6
12
#9786000
1(
0/
1-
0,
1*
#9790000
0!
0%
#9795000
1!
1%
b11111 6
b111111 1
b110 5
02
#9796000
0(
1/
1.
0-
1,
0+
0*
#9800000
0!
0%
#9805000
1!
1%
b110 4
b100000 6
12
#9806000
0'
0,
1*
#9810000
0!
0%
#9815000
1!
1%
#9816000
1'
1(
00
0/
0.
1-
1+
1)
#9820000
0!
0%
#9825000
1!
1%
b1000010 1
b111 5
b11111 6
02
#9826000
0'
0(
10
1/
0-
0*
#9830000
0!
0%
#9835000
1!
1%
#9836000
1'
1(
0/
1.
1-
0+
#9840000
0!
0%
#9845000
1!
1%
b1111100 1
b1000 5
b111 4
#9846000
0(
1/
1+
1*
0)
#9850000
0!
0%
#9855000
1!
1%
b100000 6
b1000 4
12
#9856000
0'
1(
00
0/
0.
0+
0*
1)
#9860000
0!
0%
#9865000
1!
1%
b10011110 1
b1001 5
b11111 6
02
#9866000
0(
10
1/
0-
1+
#9870000
0!
0%
#9875000
1!
1%
#9876000
1-
0+
#9880000
0!
0%
#9885000
1!
1%
#9886000
1'
00
0/
1.
0-
1+
#9890000
0!
0%
#9895000
1!
1%
b1001 4
b100000 6
12
#9896000
10
1-
0+
1*
0)
#9900000
0!
0%
#9905000
1!
1%
#9906000
1(
00
1/
1,
1+
0*
#9910000
0!
0%
#9915000
1!
1%
b1110000 1
b1010 5
b11111 6
02
#9916000
0'
0(
0/
0-
0+
1)
#9920000
0!
0%
#9925000
1!
1%
#9926000
1(
10
0.
1-
0)
#9930000
0!
0%
#9935000
1!
1%
b1011011 1
b1011 5
b11110 6
#9936000
1/
1.
#9940000
0!
0%
#9945000
1!
1%
b11101 6
b10111001 1
b1100 5
#9946000
1'
0(
00
0/
0-
1*
1)
#9950000
0!
0%
#9955000
1!
1%
b1010 4
b11110 6
#9956000
0'
0.
0,
0)
#9960000
0!
0%
#9965000
1!
1%
#9966000
0*
#9970000
0!
0%
#9975000
1!
1%
#9976000
1'
1/
1,
1*
1)
#9980000
0!
0%
#9985000
1!
1%
b1011 4
b11111 6
#9986000
10
1-
#9990000
0!
0%
#9995000
1!
1%
b100000 6
b1100 4
12
#9996000
1.
#10000000
0!
0%
#10005000
1!
1%
#10006000
0'
1(
1+
0*
#10010000
0!
0%
#10015000
1!
1%
b10101100 1
b1101 5
b11111 6
02
#10016000
1'
00
0.
0-
0,
#10020000
0!
0%
#10025000
1!
1%
b1101 4
b10100100 1
b1110 5
#10026000
0(
1-
1,
0+
#10030000
0!
0%
#10035000
1!
1%
b100000 6
b1110 4
12
#10036000
1(
1.
0-
0,
0)
#10040000
0!
0%
#10045000
1!
1%
b100010 1
b1111 5
b11111 6
02
#10046000
0(
10
0.
1-
1,
1+
#10050000
0!
0%
#10055000
1!
1%
b1111 4
b100000 6
12
#10056000
1(
00
1.
0-
0,
1)
#10060000
0!
0%
#10065000
1!
1%
b11111 6
b1011110 1
b10000 5
02
#10066000
0(
10
0/
0.
#10070000
0!
0%
#10075000
1!
1%
b10000 4
b100000 6
12
#10076000
1(
1-
0+
1*
#10080000
0!
0%
#10085000
1!
1%
b11111 6
b10000101 1
b10001 5
02
#10086000
1/
1.
0-
1,
1+
0)
#10090000
0!
0%
#10095000
1!
1%
b10001 4
b110101 1
b10010 5
#10096000
0'
00
0.
1-
1)
#10100000
0!
0%
#10105000
1!
1%
b11110 6
b11000100 1
b10011 5
#10106000
10
0/
0,
0+
0*
0)
#10110000
0!
0%
#10115000
1!
1%
b111111 1
b10100 5
b11101 6
#10116000
1'
1*
1)
#10120000
0!
0%
#10125000
1!
1%
b10010 4
b1010111 1
b10101 5
#10126000
0'
0(
00
1/
0-
1+
0*
0)
#10130000
0!
0%
#10135000
1!
1%
#10136000
1'
1(
10
1*
1)
#10140000
0!
0%
#10145000
1!
1%
b1010101 1
b10110 5
b10011 4
#10146000
0'
0(
1,
0*
#10150000
0!
0%
#10155000
1!
1%
#10156000
1'
1(
0/
1-
1*
0)
#10160000
0!
0%
#10165000
1!
1%
b11001101 1
b10111 5
b10100 4
#10166000
0'
0(
0,
0+
0*
#10170000
0!
0%
#10175000
1!
1%
#10176000
1'
1(
00
1/
1.
1)
#10180000
0!
0%
#10185000
1!
1%
b1010000 1
b11000 5
b10101 4
#10186000
10
0.
1,
1+
1*
0)
#10190000
0!
0%
#10195000
1!
1%
b10110 4
b1010010 1
b11001 5
#10196000
0'
0(
00
0/
0-
0+
0*
1)
#10200000
0!
0%
#10205000
1!
1%
#10206000
1'
1/
1.
1-
0,
1+
0)
#10210000
0!
0%
#10215000
1!
1%
b10111 4
b11110 6
#10216000
0'
1(
0.
0-
0+
1*
1)
#10220000
0!
0%
#10225000
1!
1%
b11101 6
b1001100 1
b11010 5
#10226000
0(
0/
1.
1-
1,
0*
#10230000
0!
0%
#10235000
1!
1%
#10236000
1'
1(
10
0.
0-
1+
1*
#10240000
0!
0%
#10245000
1!
1%
b10100110 1
b11011 5
b11000 4
#10246000
0'
0(
00
0,
#10250000
0!
0%
#10255000
1!
1%
#10256000
10
1.
1,
0*
0)
#10260000
0!
0%
#10265000
1!
1%
#10266000
1'
1(
0.
1*
1)
#10270000
0!
0%
#10275000
1!
1%
b11110100 1
b11100 5
b11001 4
#10276000
0'
0(
1.
1-
0,
0+
0)
#10280000
0!
0%
#10285000
1!
1%
#10286000
1+
0*
1)
#10290000
0!
0%
#10295000
1!
1%
#10296000
1'
1(
1/
0.
0-
#10300000
0!
0%
#10305000
1!
1%
b101100 1
b11101 5
b11010 4
#10306000
0(
00
1.
1-
1,
0)
#10310000
0!
0%
#10315000
1!
1%
b11110 6
b11011 4
#10316000
1(
0/
0.
0,
0+
1)
#10320000
0!
0%
#10325000
1!
1%
b11100 4
b10100100 1
b11110 5
#10326000
0(
10
1+
0)
#10330000
0!
0%
#10335000
1!
1%
b11111 6
b11101 4
#10336000
00
1.
1*
1)
#10340000
0!
0%
#10345000
1!
1%
b11110 4
b100000 6
12
#10346000
10
1/
0-
1,
0)
#10350000
0!
0%
#10355000
1!
1%
#10356000
00
0/
0.
1-
0,
#10360000
0!
0%
#10365000
1!
1%
#10366000
0'
1(
10
0-
1,
0+
0*
1)
#10370000
0!
0%
#10375000
1!
1%
b1101011 1
b11111 5
b11111 6
02
#10376000
1'
0(
1-
0,
1+
#10380000
0!
0%
#10385000
1!
1%
b11111 4
b100000 6
12
#10386000
00
1/
1.
0-
#10390000
0!
0%
#10395000
1!
1%
#10396000
10
0/
0.
1-
1,
#10400000
0!
0%
#10405000
1!
1%
#10406000
1(
00
1/
1.
0-
0+
#10410000
0!
0%
#10415000
1!
1%
b11011110 1
b0 5
b11111 6
02
#10416000
10
0/
0.
1+
#10420000
0!
0%
#10425000
1!
1%
b0 4
b11001010 1
b1 5
#10426000
0(
00
1.
1-
0,
0+
0)
#10430000
0!
0%
#10435000
1!
1%
b100000 6
b1 4
12
#10436000
10
1/
0-
1,
1+
#10440000
0!
0%
#10445000
1!
1%
#10446000
1(
0/
1-
0,
1*
1)
#10450000
0!
0%
#10455000
1!
1%
b10110011 1
b10 5
b11111 6
02
#10456000
00
1,
0*
#10460000
0!
0%
#10465000
1!
1%
b10 4
b11001 1
b11 5
#10466000
0(
1/
0,
0+
1*
#10470000
0!
0%
#10475000
1!
1%
b100000 6
b11 4
12
#10476000
1(
10
0/
0-
1+
#10480000
0!
0%
#10485000
1!
1%
b111111 1
b100 5
b11111 6
02
#10486000
0'
0(
00
1,
0*
#10490000
0!
0%
#10495000
1!
1%
#10496000
1'
1/
0,
0+
1*
#10500000
0!
0%
#10505000
1!
1%
b100 4
b100000 6
12
#10506000
1(
10
0/
0.
0*
#10510000
0!
0%
#10515000
1!
1%
b11111 6
b110011 1
b101 5
02
#10516000
0(
00
1/
1.
1-
1+
0)
#10520000
0!
0%
#10525000
1!
1%
b101 4
b100000 6
12
#10526000
1(
10
0-
0+
#10530000
0!
0%
#10535000
1!
1%
b11111 6
b10111 1
b110 5
02
#10536000
1-
#10540000
0!
0%
#10545000
1!
1%
b110 4
b10001101 1
b111 5
#10546000
0'
0(
0/
1*
1)
#10550000
0!
0%
#10555000
1!
1%
#10556000
1'
0-
1+
0)
#10560000
0!
0%
#10565000
1!
1%
b111 4
b100000 6
12
#10566000
0'
1(
00
0.
1,
1)
#10570000
0!
0%
#10575000
1!
1%
b11111 6
b1101111 1
b1000 5
02
#10576000
1'
0(
10
1.
1-
0,
0+
0)
#10580000
0!
0%
#10585000
1!
1%
b1000 4
b100000 6
12
#10586000
0'
1/
1,
0*
#10590000
0!
0%
#10595000
1!
1%
#10596000
1'
1(
00
0-
0,
1*
#10600000
0!
0%
#10605000
1!
1%
b10100100 1
b1001 5
b11111 6
02
#10606000
0(
0/
0.
1,
1+
#10610000
0!
0%
#10615000
1!
1%
b1001 4
b100000 6
12
#10616000
0'
1/
1-
0,
0+
1)
#10620000
0!
0%
#10625000
1!
1%
#10626000
1(
0/
1.
0-
0*
#10630000
0!
0%
#10635000
1!
1%
b11010100 1
b1010 5
b11111 6
02
#10636000
1'
0.
0)
#10640000
0!
0%
#10645000
1!
1%
b1010 4
b11010010 1
b1011 5
#10646000
0(
10
1/
1.
1,
1+
1*
1)
#10650000
0!
0%
#10655000
1!
1%
b100000 6
b1011 4
12
#10656000
00
0/
0.
0*
#10660000
0!
0%
#10665000
1!
1%
#10666000
0'
1*
0)
#10670000
0!
0%
#10675000
1!
1%
#10676000
1-
0,
#10680000
0!
0%
#10685000
1!
1%
#10686000
1'
0-
#10690000
0!
0%
#10695000
1!
1%
#10696000
1(
10
1.
0*
#10700000
0!
0%
#10705000
1!
1%
b11011011 1
b1100 5
b11111 6
02
#10706000
0(
1*
1)
#10710000
0!
0%
#10715000
1!
1%
b1100 4
b100000 6
12
#10716000
1(
00
1/
1,
0*
#10720000
0!
0%
#10725000
1!
1%
b11111 6
b10100010 1
b1101 5
02
#10726000
0(
10
0/
1-
0)
#10730000
0!
0%
#10735000
1!
1%
b1101 4
b100000 6
12
#10736000
0'
00
0+
1)
#10740000
0!
0%
#10745000
1!
1%
#10746000
10
0,
1*
#10750000
0!
0%
#10755000
1!
1%
#10756000
1'
1/
0.
0-
1,
0)
#10760000
0!
0%
#10765000
1!
1%
#10766000
00
0/
1.
1-
0,
#10770000
0!
0%
#10775000
1!
1%
#10776000
1(
0-
0*
1)
#10780000
0!
0%
#10785000
1!
1%
b10011010 1
b1110 5
b11111 6
02
#10786000
0'
1-
1+
1*
#10790000
0!
0%
#10795000
1!
1%
b11110 6
b111011 1
b1111 5
#10796000
0(
1/
0-
0+
0*
#10800000
0!
0%
#10805000
1!
1%
#10806000
1'
1(
0/
0.
1,
1+
1*
#10810000
0!
0%
#10815000
1!
1%
b10100001 1
b10000 5
b1110 4
#10816000
0'
0(
10
1/
0,
0)
#10820000
0!
0%
#10825000
1!
1%
#10826000
1'
1(
00
1-
0+
1)
#10830000
0!
0%
#10835000
1!
1%
b1110111 1
b10001 5
b1111 4
#10836000
0'
10
1+
0*
#10840000
0!
0%
#10845000
1!
1%
b11101 6
b11001001 1
b10010 5
#10846000
0/
1.
0+
#10850000
0!
0%
#10855000
1!
1%
b11100011 1
b10011 5
b11100 6
#10856000
0-
1+
1*
#10860000
0!
0%
#10865000
1!
1%
b11011 6
b1111001 1
b10100 5
#10866000
1'
0(
0.
1,
0+
0*
0)
#10870000
0!
0%
#10875000
1!
1%
b10000 4
b11100 6
#10876000
00
1/
1-
0,
1+
#10880000
0!
0%
#10885000
1!
1%
b11101 6
b10001 4
#10886000
1(
0/
0+
1)
#10890000
0!
0%
#10895000
1!
1%
b10010 4
b10001110 1
b10101 5
#10896000
0(
1.
1+
#10900000
0!
0%
#10905000
1!
1%
b11110 6
b10011 4
#10906000
10
0+
1*
#10910000
0!
0%
#10915000
1!
1%
b10100 4
b11111 6
#10916000
0'
1(
00
1/
0-
1,
#10920000
0!
0%
#10925000
1!
1%
b11110 6
b1111011 1
b10110 5
#10926000
1'
1-
1+
0*
#10930000
0!
0%
#10935000
1!
1%
b10101 4
b101110 1
b10111 5
#10936000
0(
10
0.
0-
0,
0+
1*
#10940000
0!
0%
#10945000
1!
1%
b11111 6
b10110 4
#10946000
1(
1.
1,
1+
0*
0)
#10950000
0!
0%
#10955000
1!
1%
b10111 4
b11110001 1
b11000 5
#10956000
0'
00
0/
0.
1-
0+
#10960000
0!
0%
#10965000
1!
1%
b11110 6
b11001 5
#10966000
1'
0(
1/
1.
1+
1*
1)
#10970000
0!
0%
#10975000
1!
1%
b11000 4
b11111 6
#10976000
0'
1(
10
0-
0,
0+
0)
#10980000
0!
0%
#10985000
1!
1%
b11110 6
b10100011 1
b11010 5
#10986000
1'
00
1-
1,
1+
0*
#10990000
0!
0%
#10995000
1!
1%
b11001 4
b111110 1
b11011 5
#10996000
0(
10
0.
0-
0,
0+
1*
1)
#11000000
0!
0%
#11005000
1!
1%
b11111 6
b11010 4
#11006000
0'
00
0/
1.
1-
1,
1+
0*
#11010000
0!
0%
#11015000
1!
1%
#11016000
1'
1(
0.
0,
0+
1*
#11020000
0!
0%
#11025000
1!
1%
b10001000 1
b11100 5
b11011 4
#11026000
0'
0(
1/
0-
1,
0*
0)
#11030000
0!
0%
#11035000
1!
1%
#11036000
1(
10
0/
1-
1*
1)
#11040000
0!
0%
#11045000
1!
1%
b101001 1
b11101 5
b11110 6
#11046000
1'
0(
1/
0-
0,
1+
#11050000
0!
0%
#11055000
1!
1%
b11100 4
b11111 6
#11056000
0/
1.
1,
0+
0*
#11060000
0!
0%
#11065000
1!
1%
b100000 6
b11101 4
12
#11066000
1/
1-
0,
1+
0)
#11070000
0!
0%
#11075000
1!
1%
#11076000
0'
1(
00
0/
0.
0-
1*
1)
#11080000
0!
0%
#11085000
1!
1%
b11101100 1
b11110 5
b11111 6
02
#11086000
1'
10
0*
0)
#11090000
0!
0%
#11095000
1!
1%
b11110 4
b10101001 1
b11111 5
#11096000
0(
1-
0+
1)
#11100000
0!
0%
#11105000
1!
1%
b100000 6
b11111 4
12
#11106000
1.
1,
#11110000
0!
0%
#11115000
1!
1%
#11116000
0'
1(
1/
1+
1*
0)
#11120000
0!
0%
#11125000
1!
1%
b10110001 1
b0 5
b11111 6
02
#11126000
1'
00
0.
0,
0+
0*
#11130000
0!
0%
#11135000
1!
1%
b0 4
b1100 1
b1 5
#11136000
0'
0(
0/
1.
1+
1*
1)
#11140000
0!
0%
#11145000
1!
1%
#11146000
1'
1(
10
0-
0)
#11150000
0!
0%
#11155000
1!
1%
b10111100 1
b10 5
b1 4
#11156000
0(
00
1/
1-
1,
0+
0*
1)
#11160000
0!
0%
#11165000
1!
1%
b100000 6
b10 4
12
#11166000
1(
0/
0.
0-
0,
1*
0)
#11170000
0!
0%
#11175000
1!
1%
b11001110 1
b11 5
b11111 6
02
#11176000
0'
10
1.
#11180000
0!
0%
#11185000
1!
1%
b11110 6
b11000110 1
b100 5
#11186000
0(
00
1-
1,
1+
#11190000
0!
0%
#11195000
1!
1%
#11196000
1'
10
0.
0-
0,
#11200000
0!
0%
#11205000
1!
1%
b11 4
b11111 6
#11206000
00
1.
1,
#11210000
0!
0%
#11215000
1!
1%
b100000 6
b100 4
12
#11216000
1(
0.
1-
0,
#11220000
0!
0%
#11225000
1!
1%
b101110 1
b101 5
b11111 6
02
#11226000
1.
0-
0*
1)
#11230000
0!
0%
#11235000
1!
1%
b101 4
b1111 1
b110 5
#11236000
0'
0.
1-
1*
0)
#11240000
0!
0%
#11245000
1!
1%
b11110 6
b1100101 1
b111 5
#11246000
0-
1,
0+
0*
#11250000
0!
0%
#11255000
1!
1%
b1001101 1
b1000 5
b11101 6
#11256000
1'
1.
1-
0,
1+
1)
#11260000
0!
0%
#11265000
1!
1%
b110 4
b1110000 1
b1001 5
#11266000
0(
1/
0-
1*
#11270000
0!
0%
#11275000
1!
1%
b11110 6
b111 4
#11276000
10
0.
1-
1,
0+
#11280000
0!
0%
#11285000
1!
1%
b1000 4
b11111 6
#11286000
0'
00
1.
0,
0*
0)
#11290000
0!
0%
#11295000
1!
1%
#11296000
1'
10
0.
1,
1+
#11300000
0!
0%
#11305000
1!
1%
b1001 4
b100000 6
12
#11306000
00
0+
1)
#11310000
0!
0%
#11315000
1!
1%
#11316000
0'
10
1.
0-
0,
#11320000
0!
0%
#11325000
1!
1%
#11326000
1'
1(
00
0/
0.
1-
1,
1*
#11330000
0!
0%
#11335000
1!
1%
b0 1
b1010 5
b11111 6
02
#11336000
0(
1/
1.
0,
0)
#11340000
0!
0%
#11345000
1!
1%
b1010 4
b100000 6
12
#11346000
10
0/
0.
1)
#11350000
0!
0%
#11355000
1!
1%
#11356000
0'
1(
1/
1.
0-
1,
#11360000
0!
0%
#11365000
1!
1%
b11110111 1
b1011 5
b11111 6
02
#11366000
0.
1-
0,
1+
0*
0)
#11370000
0!
0%
#11375000
1!
1%
b11110 6
b11100101 1
b1100 5
#11376000
1'
0(
00
1*
1)
#11380000
0!
0%
#11385000
1!
1%
b1011 4
b11111 6
#11386000
0'
0/
1.
1,
0*
0)
#11390000
0!
0%
#11395000
1!
1%
#11396000
1'
1(
10
0+
1*
1)
#11400000
0!
0%
#11405000
1!
1%
b111101 1
b1101 5
b1100 4
#11406000
0(
0-
0,
#11410000
0!
0%
#11415000
1!
1%
b100000 6
b1101 4
12
#11416000
0'
1,
1+
#11420000
0!
0%
#11425000
1!
1%
#11426000
1'
00
0.
0,
0*
#11430000
0!
0%
#11435000
1!
1%
#11436000
10
1.
1-
0+
1*
0)
#11440000
0!
0%
#11445000
1!
1%
#11446000
1(
00
1/
0.
1,
0*
#11450000
0!
0%
#11455000
1!
1%
b11110000 1
b1110 5
b11111 6
02
#11456000
0(
1.
0-
1*
1)
#11460000
0!
0%
#11465000
1!
1%
b1110 4
b100000 6
12
#11466000
1(
10
0/
0.
1-
1+
#11470000
0!
0%
#11475000
1!
1%
b11111 6
b11001010 1
b1111 5
02
#11476000
0'
00
0,
#11480000
0!
0%
#11485000
1!
1%
b10001 1
b10000 5
b11110 6
#11486000
1'
0(
10
1,
#11490000
0!
0%
#11495000
1!
1%
b1111 4
b11111 6
#11496000
1/
0,
0+
0*
#11500000
0!
0%
#11505000
1!
1%
b100000 6
b10000 4
12
#11506000
0'
0-
1,
1+
1*
#11510000
0!
0%
#11515000
1!
1%
#11516000
1'
00
1.
1-
0*
0)
#11520000
0!
0%
#11525000
1!
1%
#11526000
1(
0,
0+
1*
#11530000
0!
0%
#11535000
1!
1%
b101010 1
b10001 5
b11111 6
02
#11536000
0(
10
0.
1,
1+
0*
#11540000
0!
0%
#11545000
1!
1%
b10001 4
b100000 6
12
#11546000
00
0/
0-
0,
0+
1*
#11550000
0!
0%
#11555000
1!
1%
#11556000
0'
1)
#11560000
0!
0%
#11565000
1!
1%
#11566000
1'
1(
1/
1.
1,
0*
#11570000
0!
0%
#11575000
1!
1%
b10001000 1
b10010 5
b11111 6
02
#11576000
0(
0,
1*
0)
#11580000
0!
0%
#11585000
1!
1%
b10010 4
b100000 6
12
#11586000
0'
0/
0.
1-
#11590000
0!
0%
#11595000
1!
1%
#11596000
1'
1/
1,
0*
1)
#11600000
0!
0%
#11605000
1!
1%
#11606000
10
0/
1.
0,
1+
1*
0)
#11610000
0!
0%
#11615000
1!
1%
#11616000
1(
0-
0+
1)
#11620000
0!
0%
#11625000
1!
1%
b10101100 1
b10011 5
b11111 6
02
#11626000
1/
0.
1-
1,
0)
#11630000
0!
0%
#11635000
1!
1%
b10011 4
b11001101 1
b10100 5
#11636000
0'
0(
00
0/
1)
#11640000
0!
0%
#11645000
1!
1%
#11646000
1/
1+
#11650000
0!
0%
#11655000
1!
1%
#11656000
10
0/
1.
0,
0*
#11660000
0!
0%
#11665000
1!
1%
#11666000
00
1/
0+
1*
0)
#11670000
0!
0%
#11675000
1!
1%
#11676000
1'
1(
1)
#11680000
0!
0%
#11685000
1!
1%
b10111110 1
b10101 5
b10100 4
#11686000
0'
10
0.
0-
0*
#11690000
0!
0%
#11695000
1!
1%
b11110 6
b11000011 1
b10110 5
#11696000
0(
1.
1-
1+
1*
#11700000
0!
0%
#11705000
1!
1%
#11706000
0-
0+
#11710000
0!
0%
#11715000
1!
1%
#11716000
00
0.
1,
0*
0)
#11720000
0!
0%
#11725000
1!
1%
#11726000
1'
0/
1.
0,
#11730000
0!
0%
#11735000
1!
1%
b10101 4
b11111 6
#11736000
1(
1,
#11740000
0!
0%
#11745000
1!
1%
b10110 4
b110111 1
b10111 5
#11746000
0'
1-
0,
1+
1)
#11750000
0!
0%
#11755000
1!
1%
b11110 6
b11111110 1
b11000 5
#11756000
1'
0(
1*
0)
#11760000
0!
0%
#11765000
1!
1%
b10111 4
b11111 6
#11766000
1(
0-
1,
#11770000
0!
0%
#11775000
1!
1%
b11000 4
b111110 1
b11001 5
#11776000
0(
0.
0+
0*
#11780000
0!
0%
#11785000
1!
1%
b100000 6
b11001 4
12
#11786000
10
1-
0,
1+
#11790000
0!
0%
#11795000
1!
1%
#11796000
1/
1.
0-
1*
1)
#11800000
0!
0%
#11805000
1!
1%
#11806000
0'
1(
00
0.
1,
0*
0)
#11810000
0!
0%
#11815000
1!
1%
b11000011 1
b11010 5
b11111 6
02
#11816000
1'
1.
0,
0+
#11820000
0!
0%
#11825000
1!
1%
b11010 4
b11001000 1
b11011 5
#11826000
0'
0(
10
0/
1-
1,
1*
1)
#11830000
0!
0%
#11835000
1!
1%
#11836000
1/
0.
0,
0*
#11840000
0!
0%
#11845000
1!
1%
#11846000
0/
1,
1*
#11850000
0!
0%
#11855000
1!
1%
#11856000
00
1/
1.
0-
1+
0)
#11860000
0!
0%
#11865000
1!
1%
#11866000
1'
1(
0/
0.
0*
#11870000
0!
0%
#11875000
1!
1%
b11100011 1
b11100 5
b11011 4
#11876000
0'
0(
10
0,
0+
#11880000
0!
0%
#11885000
1!
1%
#11886000
1-
1,
1*
1)
#11890000
0!
0%
#11895000
1!
1%
#11896000
1(
00
1.
0-
0,
0*
#11900000
0!
0%
#11905000
1!
1%
b10010101 1
b11101 5
b11110 6
#11906000
1'
10
1/
0.
1-
1+
1*
0)
#11910000
0!
0%
#11915000
1!
1%
b11100 4
b100001 1
b11110 5
#11916000
0/
0*
1)
#11920000
0!
0%
#11925000
1!
1%
b11101 4
b10001001 1
b11111 5
#11926000
0(
0-
1,
1*
#11930000
0!
0%
#11935000
1!
1%
b11111 6
b11110 4
#11936000
0'
00
1.
0,
0*
#11940000
0!
0%
#11945000
1!
1%
#11946000
1'
10
1/
0.
1,
1*
0)
#11950000
0!
0%
#11955000
1!
1%
b11111 4
b100000 6
12
#11956000
0'
1(
00
0/
1)
#11960000
0!
0%
#11965000
1!
1%
b11111 6
b1010 1
b0 5
02
#11966000
0(
0,
0+
0*
0)
#11970000
0!
0%
#11975000
1!
1%
#11976000
1/
1.
1,
1*
1)
#11980000
0!
0%
#11985000
1!
1%
#11986000
1'
10
0/
0.
0,
1+
0)
#11990000
0!
0%
#11995000
1!
1%
b0 4
b100000 6
12
#11996000
0'
1(
1-
1,
0+
1)
#12000000
0!
0%
#12005000
1!
1%
b11111 6
b1100101 1
b1 5
02
#12006000
0(
00
0-
0,
0*
0)
#12010000
0!
0%
#12015000
1!
1%
#12016000
1(
10
1/
1.
1,
1+
1*
1)
#12020000
0!
0%
#12025000
1!
1%
b10011110 1
b10 5
b11110 6
#12026000
0/
1-
0)
#12030000
0!
0%
#12035000
1!
1%
b11101 6
b1100001 1
b11 5
#12036000
0(
1/
0.
0-
0,
0+
0*
1)
#12040000
0!
0%
#12045000
1!
1%
#12046000
1'
00
0/
1.
1,
0)
#12050000
0!
0%
#12055000
1!
1%
b1 4
b11110 6
#12056000
0'
1(
10
1+
1*
1)
#12060000
0!
0%
#12065000
1!
1%
b11101 6
b1110100 1
b100 5
#12066000
1'
0.
0+
0*
0)
#12070000
0!
0%
#12075000
1!
1%
b10 4
b10100100 1
b101 5
#12076000
00
1/
1.
1-
0,
#12080000
0!
0%
#12085000
1!
1%
b11 4
b10101100 1
b110 5
#12086000
0'
10
0/
0-
1,
1*
#12090000
0!
0%
#12095000
1!
1%
b11100 6
b11100110 1
b111 5
#12096000
1'
0(
00
1/
0.
1)
#12100000
0!
0%
#12105000
1!
1%
b100 4
b11101 6
#12106000
0'
10
0/
1.
1-
#12110000
0!
0%
#12115000
1!
1%
#12116000
1'
1/
0.
0,
0*
#12120000
0!
0%
#12125000
1!
1%
b101 4
b11110 6
#12126000
0'
1(
00
0-
1,
1*
0)
#12130000
0!
0%
#12135000
1!
1%
b11101 6
b11011011 1
b1000 5
#12136000
1'
0(
1.
0*
1)
#12140000
0!
0%
#12145000
1!
1%
b110 4
b11110 6
#12146000
10
0/
0.
0,
1+
#12150000
0!
0%
#12155000
1!
1%
b11111 6
b111 4
#12156000
1*
#12160000
0!
0%
#12165000
1!
1%
b1000 4
b100000 6
12
#12166000
00
1/
1-
1,
0+
0*
#12170000
0!
0%
#12175000
1!
1%
#12176000
0/
0,
1*
#12180000
0!
0%
#12185000
1!
1%
#12186000
0'
1(
1/
0-
1,
0*
0)
#12190000
0!
0%
#12195000
1!
1%
b111011 1
b1001 5
b11111 6
02
#12196000
1'
0(
10
0/
1.
1-
1+
#12200000
0!
0%
#12205000
1!
1%
b1001 4
b100000 6
12
#12206000
1(
00
1/
0,
0+
1)
#12210000
0!
0%
#12215000
1!
1%
b11111 6
b1001110 1
b1010 5
02
#12216000
0'
0(
10
1,
1+
0)
#12220000
0!
0%
#12225000
1!
1%
#12226000
0/
0-
0+
#12230000
0!
0%
#12235000
1!
1%
#12236000
1'
00
0.
1-
0,
1)
#12240000
0!
0%
#12245000
1!
1%
b1010 4
b100000 6
12
#12246000
0'
1(
1,
1+
#12250000
0!
0%
#12255000
1!
1%
b11111 6
b11101010 1
b1011 5
02
#12260000
0!
0%
#12265000
1!
1%
b11011101 1
b1100 5
b11110 6
#12266000
1'
0(
1/
0-
0+
#12270000
0!
0%
#12275000
1!
1%
b1011 4
b11111 6
#12276000
1(
10
0/
1+
#12280000
0!
0%
#12285000
1!
1%
b1100 4
b11000101 1
b1101 5
#12286000
0'
0(
00
0,
1*
#12290000
0!
0%
#12295000
1!
1%
#12296000
1'
1/
1.
1-
1,
0+
0)
#12300000
0!
0%
#12305000
1!
1%
b1101 4
b100000 6
12
#12306000
1+
1)
#12310000
0!
0%
#12315000
1!
1%
#12316000
0'
0/
0-
0,
#12320000
0!
0%
#12325000
1!
1%
#12326000
1'
0.
1-
0*
0)
#12330000
0!
0%
#12335000
1!
1%
#12336000
0'
1/
0-
1,
1*
1)
#12340000
0!
0%
#12345000
1!
1%
#12346000
1'
10
0,
0+
0*
0)
#12350000
0!
0%
#12355000
1!
1%
#12356000
0'
00
1-
1,
#12360000
0!
0%
#12365000
1!
1%
#12366000
10
0/
0,
#12370000
0!
0%
#12375000
1!
1%
#12376000
1'
1(
00
1/
1.
1+
1*
#12380000
0!
0%
#12385000
1!
1%
b11010110 1
b1110 5
b11111 6
02
#12386000
0.
0-
1,
0+
0*
1)
#12390000
0!
0%
#12395000
1!
1%
b1110 4
b11111001 1
b1111 5
#12396000
0(
0/
1.
1+
0)
#12400000
0!
0%
#12405000
1!
1%
b100000 6
b1111 4
12
#12406000
10
1/
1-
1*
1)
#12410000
0!
0%
#12415000
1!
1%
#12416000
00
0/
0+
0*
#12420000
0!
0%
#12425000
1!
1%
#12426000
1(
10
0-
0,
1+
#12430000
0!
0%
#12435000
1!
1%
b10001011 1
b10000 5
b11111 6
02
#12436000
0(
00
1/
1-
1,
0+
1*
#12440000
0!
0%
#12445000
1!
1%
b10000 4
b100000 6
12
#12446000
0.
0,
1+
#12450000
0!
0%
#12455000
1!
1%
#12456000
0'
0/
1.
0-
1,
0)
#12460000
0!
0%
#12465000
1!
1%
#12466000
1(
1/
1-
0+
#12470000
0!
0%
#12475000
1!
1%
b111011 1
b10001 5
b11111 6
02
#12476000
0(
0.
0-
#12480000
0!
0%
#12485000
1!
1%
#12486000
10
1.
1+
1)
#12490000
0!
0%
#12495000
1!
1%
#12496000
0/
0.
0*
0)
#12500000
0!
0%
#12505000
1!
1%
#12506000
1'
00
1/
1*
#12510000
0!
0%
#12515000
1!
1%
b10001 4
b100000 6
12
#12516000
0'
10
1-
0+
#12520000
0!
0%
#12525000
1!
1%
#12526000
1'
1(
0,
#12530000
0!
0%
#12535000
1!
1%
b1000110 1
b10010 5
b11111 6
02
#12536000
0(
1+
#12540000
0!
0%
#12545000
1!
1%
b10010 4
b100000 6
12
#12546000
00
1.
1,
0*
#12550000
0!
0%
#12555000
1!
1%
#12556000
1(
10
0-
0+
1)
#12560000
0!
0%
#12565000
1!
1%
b1011011 1
b10011 5
b11111 6
02
#12566000
1-
0,
0)
#12570000
0!
0%
#12575000
1!
1%
b10011 4
b11001110 1
b10100 5
#12576000
0(
0/
0-
1+
#12580000
0!
0%
#12585000
1!
1%
b100000 6
b10100 4
12
#12586000
1(
1/
1-
1,
0+
#12590000
0!
0%
#12595000
1!
1%
b100 1
b10101 5
b11111 6
02
#12596000
0'
0/
1+
#12600000
0!
0%
#12605000
1!
1%
b11110 6
b10100 1
b10110 5
#12606000
0(
1/
0.
0-
#12610000
0!
0%
#12615000
1!
1%
#12616000
1'
00
1-
0,
1*
#12620000
0!
0%
#12625000
1!
1%
b10101 4
b11111 6
#12626000
0'
1)
#12630000
0!
0%
#12635000
1!
1%
#12636000
1(
0/
1.
#12640000
0!
0%
#12645000
1!
1%
b1101100 1
b10111 5
b11110 6
#12646000
1/
0)
#12650000
0!
0%
#12655000
1!
1%
b11101 6
b1110100 1
b11000 5
#12656000
0(
0+
#12660000
0!
0%
#12665000
1!
1%
#12666000
1(
10
1,
1)
#12670000
0!
0%
#12675000
1!
1%
b10000 1
b11001 5
b11100 6
#12676000
1'
00
0.
0,
1+
0*
#12680000
0!
0%
#12685000
1!
1%
b10110 4
b110 1
b11010 5
#12686000
10
1.
0-
1,
0+
1*
#12690000
0!
0%
#12695000
1!
1%
b10111 4
b110000 1
b11011 5
#12696000
0(
0/
1-
1+
0)
#12700000
0!
0%
#12705000
1!
1%
b11101 6
b11000 4
#12706000
1(
00
0*
1)
#12710000
0!
0%
#12715000
1!
1%
b11001 4
b1101011 1
b11100 5
#12716000
10
0+
0)
#12720000
0!
0%
#12725000
1!
1%
b11010 4
b10101001 1
b11101 5
#12726000
1/
0.
1+
1)
#12730000
0!
0%
#12735000
1!
1%
b11011 4
b11110001 1
b11110 5
#12736000
00
0/
0,
0)
#12740000
0!
0%
#12745000
1!
1%
b11100 4
b1110011 1
b11111 5
#12746000
0(
1.
0-
1,
#12750000
0!
0%
#12755000
1!
1%
b11110 6
b11101 4
#12756000
0'
1(
10
0.
0,
1*
1)
#12760000
0!
0%
#12765000
1!
1%
b1100001 1
b0 5
b11101 6
#12766000
1/
1-
1,
0)
#12770000
0!
0%
#12775000
1!
1%
b11100 6
b10100 1
b1 5
#12776000
00
0/
0+
0*
1)
#12780000
0!
0%
#12785000
1!
1%
b10001 1
b10 5
b11011 6
#12786000
1'
1/
1.
0-
1*
0)
#12790000
0!
0%
#12795000
1!
1%
b11110 4
b1110 1
b11 5
#12796000
0(
10
0/
1-
1)
#12800000
0!
0%
#12805000
1!
1%
b11100 6
b11111 4
#12806000
00
1/
0.
0,
1+
0*
0)
#12810000
0!
0%
#12815000
1!
1%
b0 4
b11101 6
#12816000
0'
10
0/
0-
1,
0+
1*
#12820000
0!
0%
#12825000
1!
1%
#12826000
1'
1.
1-
0,
1+
1)
#12830000
0!
0%
#12835000
1!
1%
b1 4
b11110 6
#12836000
0'
00
1/
0.
0+
#12840000
0!
0%
#12845000
1!
1%
#12846000
1(
0/
#12850000
0!
0%
#12855000
1!
1%
b11010010 1
b100 5
b11101 6
#12856000
0(
1/
1.
0-
#12860000
0!
0%
#12865000
1!
1%
#12866000
1(
10
0/
0.
1,
1+
0*
#12870000
0!
0%
#12875000
1!
1%
b10001011 1
b101 5
b11100 6
#12876000
0(
00
1/
1-
0+
1*
0)
#12880000
0!
0%
#12885000
1!
1%
#12886000
1'
0/
0-
0,
1+
0*
1)
#12890000
0!
0%
#12895000
1!
1%
b10 4
b11101 6
#12896000
0'
1/
1-
1,
1*
#12900000
0!
0%
#12905000
1!
1%
#12906000
1'
0/
0-
0,
#12910000
0!
0%
#12915000
1!
1%
b11 4
b11110 6
#12916000
0'
1(
10
1/
1,
0)
#12920000
0!
0%
#12925000
1!
1%
b11101 6
b10010110 1
b110 5
#12926000
0(
1.
0,
1)
#12930000
0!
0%
#12935000
1!
1%
#12936000
00
0/
0*
0)
#12940000
0!
0%
#12945000
1!
1%
#12946000
1'
10
1/
0.
1-
1*
#12950000
0!
0%
#12955000
1!
1%
b100 4
b11110 6
#12956000
0'
00
0/
1,
0+
#12960000
0!
0%
#12965000
1!
1%
#12966000
1(
1/
0,
1+
0*
1)
#12970000
0!
0%
#12975000
1!
1%
b10100001 1
b111 5
b11101 6
#12976000
10
1.
0-
1,
0+
1*
#12980000
0!
0%
#12985000
1!
1%
b11100 6
b11100001 1
b1000 5
#12986000
1'
00
1-
0*
#12990000
0!
0%
#12995000
1!
1%
b101 4
b111101 1
b1001 5
#12996000
10
0,
1*
#13000000
0!
0%
#13005000
1!
1%
b110 4
b10001000 1
b1010 5
#13006000
00
0/
0)
#13010000
0!
0%
#13015000
1!
1%
b111 4
b10010010 1
b1011 5
#13016000
0'
0-
1,
1+
#13020000
0!
0%
#13025000
1!
1%
b11011 6
b10110001 1
b1100 5
#13026000
0,
0*
#13030000
0!
0%
#13035000
1!
1%
b1011110 1
b1101 5
b11010 6
#13036000
1/
0.
1,
0+
1*
#13040000
0!
0%
#13045000
1!
1%
b11001 6
b10010010 1
b1110 5
#13046000
1'
0(
10
1.
1-
0,
0*
#13050000
0!
0%
#13055000
1!
1%
b1000 4
b11010 6
#13056000
0'
1(
00
0/
0.
1)
#13060000
0!
0%
#13065000
1!
1%
b11001 6
b110100 1
b1111 5
#13066000
0(
10
1.
0-
1+
0)
#13070000
0!
0%
#13075000
1!
1%
#13076000
00
1/
1-
#13080000
0!
0%
#13085000
1!
1%
#13086000
1'
1,
0+
1)
#13090000
0!
0%
#13095000
1!
1%
b1001 4
b11010 6
#13096000
0/
0,
0)
#13100000
0!
0%
#13105000
1!
1%
b11011 6
b1010 4
#13106000
0'
0-
1+
1)
#13110000
0!
0%
#13115000
1!
1%
#13116000
1'
10
1/
1*
0)
#13120000
0!
0%
#13125000
1!
1%
b1011 4
b11100 6
#13126000
0'
1(
0+
0*
1)
#13130000
0!
0%
#13135000
1!
1%
b11011 6
b11011110 1
b10000 5
#13136000
00
1+
#13140000
0!
0%
#13145000
1!
1%
b1110010 1
b10001 5
b11010 6
#13146000
1'
0(
10
0/
1-
1,
0+
1*
0)
#13150000
0!
0%
#13155000
1!
1%
b1100 4
b11011 6
#13156000
00
0.
0-
1+
0*
#13160000
0!
0%
#13165000
1!
1%
b11100 6
b1101 4
#13166000
10
1-
0,
0+
1*
1)
#13170000
0!
0%
#13175000
1!
1%
b1110 4
b11101 6
#13176000
0'
1(
1.
0-
1,
0)
#13180000
0!
0%
#13185000
1!
1%
b11100 6
b1101011 1
b10010 5
#13186000
1'
0(
00
1/
1-
0,
#13190000
0!
0%
#13195000
1!
1%
b1111 4
b11101 6
#13196000
1(
0.
1)
#13200000
0!
0%
#13205000
1!
1%
b10000 4
b1111 1
b10011 5
#13206000
1.
1,
0*
0)
#13210000
0!
0%
#13215000
1!
1%
b10001 4
b100101 1
b10100 5
#13216000
10
0/
0.
1+
1)
#13220000
0!
0%
#13225000
1!
1%
b10010 4
b1101010 1
b10101 5
#13226000
00
0-
0+
1*
#13230000
0!
0%
#13235000
1!
1%
b10011 4
b10101010 1
b10110 5
#13236000
0(
10
1.
0,
0*
0)
#13240000
0!
0%
#13245000
1!
1%
b11110 6
b10100 4
#13246000
0'
1/
0.
1+
#13250000
0!
0%
#13255000
1!
1%
#13256000
1(
00
1.
1-
0+
1*
1)
#13260000
0!
0%
#13265000
1!
1%
b11010111 1
b10111 5
b11101 6
#13266000
1'
10
0.
1,
1+
0*
#13270000
0!
0%
#13275000
1!
1%
b10101 4
b1111101 1
b11000 5
#13276000
0(
0/
0,
0+
1*
#13280000
0!
0%
#13285000
1!
1%
b11110 6
b10110 4
#13286000
1(
1/
1.
0-
1,
#13290000
0!
0%
#13295000
1!
1%
b10111 4
b10111100 1
b11001 5
#13296000
00
0.
0*
0)
#13300000
0!
0%
#13305000
1!
1%
b11101 1
b11010 5
b11000 4
#13306000
0/
1.
0,
1+
1*
#13310000
0!
0%
#13315000
1!
1%
b11001 4
b10111011 1
b11011 5
#13316000
0'
0(
1/
1-
0*
1)
#13320000
0!
0%
#13325000
1!
1%
#13326000
0/
0.
1,
0+
1*
0)
#13330000
0!
0%
#13335000
1!
1%
#13336000
1/
0-
1+
1)
#13340000
0!
0%
#13345000
1!
1%
#13346000
10
0/
1.
1-
0,
0)
#13350000
0!
0%
#13355000
1!
1%
#13356000
1'
1/
0.
0*
1)
#13360000
0!
0%
#13365000
1!
1%
b11010 4
b11111 6
#13366000
0'
1(
00
0-
1,
0+
1*
0)
#13370000
0!
0%
#13375000
1!
1%
b11110 6
b101000 1
b11100 5
#13376000
0(
10
0/
1.
0,
1)
#13380000
0!
0%
#13385000
1!
1%
#13386000
1'
1-
0*
#13390000
0!
0%
#13395000
1!
1%
b11011 4
b11111 6
#13396000
00
0-
1,
0)
#13400000
0!
0%
#13405000
1!
1%
b100000 6
b11100 4
12
#13406000
0.
1-
0,
1*
1)
#13410000
0!
0%
#13415000
1!
1%
#13416000
0'
1/
1.
0-
1,
0*
0)
#13420000
0!
0%
#13425000
1!
1%
#13426000
1(
0/
0.
1-
1*
#13430000
0!
0%
#13435000
1!
1%
b110100 1
b11101 5
b11111 6
02
#13436000
1'
10
0-
0,
1+
0*
#13440000
0!
0%
#13445000
1!
1%
b11101 4
b1010110 1
b11110 5
#13446000
0(
1/
1-
1,
#13450000
0!
0%
#13455000
1!
1%
b100000 6
b11110 4
12
#13456000
0/
1.
0+
1)
#13460000
0!
0%
#13465000
1!
1%
#13466000
1(
0-
1*
0)
#13470000
0!
0%
#13475000
1!
1%
b11011101 1
b11111 5
b11111 6
02
#13476000
00
1/
0.
1-
0*
1)
#13480000
0!
0%
#13485000
1!
1%
b11111 4
b101010 1
b0 5
#13486000
10
0)
#13490000
0!
0%
#13495000
1!
1%
b0 4
b11101101 1
b1 5
#13496000
0'
00
0/
1.
0-
0,
1)
#13500000
0!
0%
#13505000
1!
1%
b11110 6
b10100000 1
b10 5
#13506000
10
1,
1+
0)
#13510000
0!
0%
#13515000
1!
1%
b11100000 1
b11 5
b11101 6
#13516000
1'
00
1/
1*
#13520000
0!
0%
#13525000
1!
1%
b1 4
b1101011 1
b100 5
#13526000
0(
0.
1-
0+
0*
1)
#13530000
0!
0%
#13535000
1!
1%
b11110 6
b10 4
#13536000
1.
0,
#13540000
0!
0%
#13545000
1!
1%
b11 4
b11111 6
#13546000
10
0/
1,
1*
#13550000
0!
0%
#13555000
1!
1%
b100000 6
b100 4
12
#13556000
0-
0*
#13560000
0!
0%
#13565000
1!
1%
#13566000
1(
00
1-
1*
0)
#13570000
0!
0%
#13575000
1!
1%
b10011110 1
b101 5
b11111 6
02
#13576000
0(
10
1+
1)
#13580000
0!
0%
#13585000
1!
1%
b101 4
b100000 6
12
#13586000
1(
0*
#13590000
0!
0%
#13595000
1!
1%
b11111 6
b11001111 1
b110 5
02
#13596000
0'
1/
0-
#13600000
0!
0%
#13605000
1!
1%
b1001100 1
b111 5
b11110 6
#13606000
1'
0(
1-
0+
1*
0)
#13610000
0!
0%
#13615000
1!
1%
b110 4
b11111 6
#13616000
0/
0-
0*
1)
#13620000
0!
0%
#13625000
1!
1%
b100000 6
b111 4
12
#13626000
1/
0.
1-
1*
0)
#13630000
0!
0%
#13635000
1!
1%
#13636000
1)
#13640000
0!
0%
#13645000
1!
1%
#13646000
00
0)
#13650000
0!
0%
#13655000
1!
1%
#13656000
0'
10
0/
0-
0,
1+
1)
#13660000
0!
0%
#13665000
1!
1%
#13666000
1'
1(
00
1/
1.
0*
#13670000
0!
0%
#13675000
1!
1%
b1111 1
b1000 5
b11111 6
02
#13676000
0'
0(
0/
0.
1-
#13680000
0!
0%
#13685000
1!
1%
#13686000
1'
10
1,
0+
1*
0)
#13690000
0!
0%
#13695000
1!
1%
b1000 4
b100000 6
12
#13696000
0'
1/
0-
0,
0*
1)
#13700000
0!
0%
#13705000
1!
1%
#13706000
1'
00
1.
1,
0)
#13710000
0!
0%
#13715000
1!
1%
#13716000
0'
1(
10
0.
1-
0,
1+
1*
1)
#13720000
0!
0%
#13725000
1!
1%
b10011110 1
b1001 5
b11111 6
02
#13726000
0(
00
0/
0+
0*
0)
#13730000
0!
0%
#13735000
1!
1%
#13736000
1/
0-
1,
1+
1*
#13740000
0!
0%
#13745000
1!
1%
#13746000
10
1.
1-
0,
1)
#13750000
0!
0%
#13755000
1!
1%
#13756000
1(
00
0/
0.
0-
1,
0+
0)
#13760000
0!
0%
#13765000
1!
1%
b1100 1
b1010 5
b11110 6
#13766000
0(
1/
1.
1-
0,
1)
#13770000
0!
0%
#13775000
1!
1%
#13776000
1(
10
0.
0-
1+
0)
#13780000
0!
0%
#13785000
1!
1%
b1100111 1
b1011 5
b11101 6
#13786000
1'
0(
0/
1-
1,
1)
#13790000
0!
0%
#13795000
1!
1%
b1001 4
b11110 6
#13796000
1(
00
1/
0-
0,
0+
0*
#13800000
0!
0%
#13805000
1!
1%
b1010 4
b1011101 1
b1100 5
#13806000
0'
10
0/
1-
1*
#13810000
0!
0%
#13815000
1!
1%
b11101 6
b110000 1
b1101 5
#13816000
1'
1/
1.
0-
0)
#13820000
0!
0%
#13825000
1!
1%
b1011 4
b11001001 1
b1110 5
#13826000
0(
1+
1)
#13830000
0!
0%
#13835000
1!
1%
b11110 6
b1100 4
#13836000
1(
0/
1-
0+
0*
0)
#13840000
0!
0%
#13845000
1!
1%
b1101 4
b1001110 1
b1111 5
#13846000
0'
0(
00
1/
0-
1,
1+
#13850000
0!
0%
#13855000
1!
1%
#13856000
1'
10
0.
#13860000
0!
0%
#13865000
1!
1%
b1110 4
b11111 6
#13866000
0/
1.
1-
0+
#13870000
0!
0%
#13875000
1!
1%
b100000 6
b1111 4
12
#13876000
00
1+
1*
#13880000
0!
0%
#13885000
1!
1%
#13886000
0-
0+
0*
1)
#13890000
0!
0%
#13895000
1!
1%
#13896000
1(
1/
0.
1-
0,
#13900000
0!
0%
#13905000
1!
1%
b11001010 1
b10000 5
b11111 6
02
#13906000
0(
10
0/
0-
1,
1+
0)
#13910000
0!
0%
#13915000
1!
1%
b10000 4
b100000 6
12
#13916000
0'
1(
00
1/
1.
1-
0+
#13920000
0!
0%
#13925000
1!
1%
b11111 6
b11110 1
b10001 5
02
#13926000
0.
0-
0,
#13930000
0!
0%
#13935000
1!
1%
b10111001 1
b10010 5
b11110 6
#13936000
0(
10
1-
1,
1+
1*
1)
#13940000
0!
0%
#13945000
1!
1%
#13946000
1.
0+
0*
0)
#13950000
0!
0%
#13955000
1!
1%
#13956000
1(
0.
1+
1*
#13960000
0!
0%
#13965000
1!
1%
b11010000 1
b10011 5
b11101 6
#13966000
0(
0/
1.
0-
0,
0+
1)
#13970000
0!
0%
#13975000
1!
1%
#13976000
1'
1(
00
1+
0)
#13980000
0!
0%
#13985000
1!
1%
b101 1
b10100 5
b10001 4
#13986000
0'
0(
10
1/
1,
1)
#13990000
0!
0%
#13995000
1!
1%
#13996000
1'
1(
00
0,
0+
#14000000
0!
0%
#14005000
1!
1%
b10111011 1
b10101 5
b10010 4
#14006000
0(
10
1-
0*
#14010000
0!
0%
#14015000
1!
1%
b11110 6
b10011 4
#14016000
0'
0/
0.
1+
1*
#14020000
0!
0%
#14025000
1!
1%
#14026000
00
1/
1.
0*
0)
#14030000
0!
0%
#14035000
1!
1%
#14036000
1'
1(
0/
0.
1,
1*
#14040000
0!
0%
#14045000
1!
1%
b11001001 1
b10110 5
b10100 4
#14046000
0'
0(
1/
0,
0+
#14050000
0!
0%
#14055000
1!
1%
#14056000
1'
1(
10
0/
1)
#14060000
0!
0%
#14065000
1!
1%
b11010111 1
b10111 5
b10101 4
#14066000
0(
00
0-
0*
0)
#14070000
0!
0%
#14075000
1!
1%
b11111 6
b10110 4
#14076000
10
1.
1-
1,
1+
#14080000
0!
0%
#14085000
1!
1%
b10111 4
b100000 6
12
#14086000
0'
1/
0.
0+
1*
1)
#14090000
0!
0%
#14095000
1!
1%
#14096000
00
1.
0-
1+
0*
0)
#14100000
0!
0%
#14105000
1!
1%
#14106000
1'
10
0/
0.
1-
0+
1)
#14110000
0!
0%
#14115000
1!
1%
#14116000
1(
00
1/
0,
1*
#14120000
0!
0%
#14125000
1!
1%
b10010 1
b11000 5
b11111 6
02
#14126000
0'
0/
1.
0-
#14130000
0!
0%
#14135000
1!
1%
b11110 6
b1100100 1
b11001 5
#14136000
0(
1/
0.
1-
0*
#14140000
0!
0%
#14145000
1!
1%
#14146000
1'
1(
0/
1.
0-
1+
1*
0)
#14150000
0!
0%
#14155000
1!
1%
b10101011 1
b11010 5
b11000 4
#14156000
0'
10
1/
0.
1,
0+
#14160000
0!
0%
#14165000
1!
1%
b11101 6
b10001101 1
b11011 5
#14166000
00
0/
1-
0,
1+
0*
1)
#14170000
0!
0%
#14175000
1!
1%
b10100 1
b11100 5
b11100 6
#14176000
0(
10
1.
0-
0+
1*
0)
#14180000
0!
0%
#14185000
1!
1%
#14186000
00
0*
#14190000
0!
0%
#14195000
1!
1%
#14196000
1'
1(
10
1-
#14200000
0!
0%
#14205000
1!
1%
b100001 1
b11101 5
b11001 4
#14206000
0-
#14210000
0!
0%
#14215000
1!
1%
b11010 4
b111011 1
b11110 5
#14216000
1-
1)
#14220000
0!
0%
#14225000
1!
1%
b11011 4
b10011010 1
b11111 5
#14226000
00
1/
0.
0-
1+
1*
0)
#14230000
0!
0%
#14235000
1!
1%
b11011 1
b0 5
b11100 4
#14236000
1.
1,
0+
0*
#14240000
0!
0%
#14245000
1!
1%
b11101 4
b1110110 1
b1 5
#14246000
0(
10
0/
0.
1-
0,
1+
1)
#14250000
0!
0%
#14255000
1!
1%
b11101 6
b11110 4
#14256000
0'
1(
00
1,
1*
#14260000
0!
0%
#14265000
1!
1%
b10011010 1
b10 5
b11100 6
#14266000
0-
0+
0)
#14270000
0!
0%
#14275000
1!
1%
b11011 6
b10001110 1
b11 5
#14276000
1'
10
1/
1.
1)
#14280000
0!
0%
#14285000
1!
1%
b11111 4
b11011101 1
b100 5
#14286000
0,
1+
0*
#14290000
0!
0%
#14295000
1!
1%
b0 4
b11111101 1
b101 5
#14296000
0/
0.
1,
1*
#14300000
0!
0%
#14305000
1!
1%
b1 4
b1011111 1
b110 5
#14306000
0(
00
1.
1-
0+
0*
#14310000
0!
0%
#14315000
1!
1%
b11100 6
b10 4
#14316000
0'
1(
0.
#14320000
0!
0%
#14325000
1!
1%
b10010101 1
b111 5
b11011 6
#14326000
0(
10
1/
0,
1*
#14330000
0!
0%
#14335000
1!
1%
#14336000
1(
0/
0-
1,
1+
0*
#14340000
0!
0%
#14345000
1!
1%
b1011001 1
b1000 5
b11010 6
#14346000
1'
1/
1.
0,
0+
0)
#14350000
0!
0%
#14355000
1!
1%
b11 4
b11111001 1
b1001 5
#14356000
0(
00
1-
1,
1+
1*
1)
#14360000
0!
0%
#14365000
1!
1%
b11011 6
b100 4
#14366000
10
0.
0*
0)
#14370000
0!
0%
#14375000
1!
1%
b101 4
b11100 6
#14376000
1(
0/
0,
0+
1*
#14380000
0!
0%
#14385000
1!
1%
b110 4
b10000010 1
b1010 5
#14386000
1/
1.
0-
1,
1)
#14390000
0!
0%
#14395000
1!
1%
b111 4
b1000111 1
b1011 5
#14396000
00
0.
1+
0)
#14400000
0!
0%
#14405000
1!
1%
b1000 4
b11100111 1
b1100 5
#14406000
0(
1.
0,
0+
0*
1)
#14410000
0!
0%
#14415000
1!
1%
b11101 6
b1001 4
#14416000
1(
10
1-
1,
1+
#14420000
0!
0%
#14425000
1!
1%
b1010 4
b1101 1
b1101 5
#14426000
0(
00
0-
0,
0+
1*
0)
#14430000
0!
0%
#14435000
1!
1%
b11110 6
b1011 4
#14436000
0/
0.
1-
1+
1)
#14440000
0!
0%
#14445000
1!
1%
b1100 4
b11111 6
#14446000
0'
1(
10
1/
0-
1,
#14450000
0!
0%
#14455000
1!
1%
b11110 6
b110011 1
b1110 5
#14456000
1'
0,
0)
#14460000
0!
0%
#14465000
1!
1%
b1101 4
b11101 1
b1111 5
#14466000
0(
00
0/
1-
1,
0+
0*
1)
#14470000
0!
0%
#14475000
1!
1%
b11111 6
b1110 4
#14476000
0,
1+
#14480000
0!
0%
#14485000
1!
1%
b1111 4
b100000 6
12
#14486000
0'
1(
0-
1,
0+
0)
#14490000
0!
0%
#14495000
1!
1%
b11111 6
b110001 1
b10000 5
02
#14496000
0(
1/
1.
1-
1+
1*
1)
#14500000
0!
0%
#14505000
1!
1%
#14506000
1'
1(
10
0-
#14510000
0!
0%
#14515000
1!
1%
b1100100 1
b10001 5
b10000 4
#14516000
0'
0(
0.
1-
0,
0*
#14520000
0!
0%
#14525000
1!
1%
#14526000
0/
1,
1*
#14530000
0!
0%
#14535000
1!
1%
#14536000
1'
00
1/
0-
0,
0+
0*
#14540000
0!
0%
#14545000
1!
1%
b10001 4
b100000 6
12
#14546000
10
0/
1.
1-
1+
1*
#14550000
0!
0%
#14555000
1!
1%
#14556000
0'
0.
0-
0)
#14560000
0!
0%
#14565000
1!
1%
#14566000
1'
1.
0*
1)
#14570000
0!
0%
#14575000
1!
1%
#14576000
00
1/
0.
1-
1,
0)
#14580000
0!
0%
#14585000
1!
1%
#14586000
1(
0/
1.
#14590000
0!
0%
#14595000
1!
1%
b11000110 1
b10010 5
b11111 6
02
#14596000
10
0-
0,
#14600000
0!
0%
#14605000
1!
1%
b10010 4
b10001111 1
b10011 5
#14606000
0(
00
0.
1-
0+
1*
#14610000
0!
0%
#14615000
1!
1%
b100000 6
b10011 4
12
#14616000
1(
10
1.
0-
#14620000
0!
0%
#14625000
1!
1%
b1111000 1
b10100 5
b11111 6
02
#14626000
0.
1+
0*
#14630000
0!
0%
#14635000
1!
1%
b10100 4
b11001001 1
b10101 5
#14636000
0(
00
1/
1.
1*
1)
#14640000
0!
0%
#14645000
1!
1%
b100000 6
b10101 4
12
#14646000
0/
0.
1-
1,
0+
0*
0)
#14650000
0!
0%
#14655000
1!
1%
#14656000
10
1/
0-
1+
1)
#14660000
0!
0%
#14665000
1!
1%
#14666000
0'
1(
0/
0,
0+
#14670000
0!
0%
#14675000
1!
1%
b0 1
b10110 5
b11111 6
02
#14676000
0(
00
1.
1+
1*
0)
#14680000
0!
0%
#14685000
1!
1%
#14686000
1'
1(
0.
1-
1,
0*
1)
#14690000
0!
0%
#14695000
1!
1%
b111101 1
b10111 5
b10110 4
#14696000
0(
10
0-
1*
0)
#14700000
0!
0%
#14705000
1!
1%
b100000 6
b10111 4
12
#14706000
0'
1.
1-
0,
0+
0*
1)
#14710000
0!
0%
#14715000
1!
1%
#14716000
1'
00
1/
0.
0-
1,
0)
#14720000
0!
0%
#14725000
1!
1%
#14726000
10
1.
1-
0,
1)
#14730000
0!
0%
#14735000
1!
1%
#14736000
00
0-
1+
1*
0)
#14740000
0!
0%
#14745000
1!
1%
#14746000
10
0/
1-
0+
0*
1)
#14750000
0!
0%
#14755000
1!
1%
#14756000
0'
00
0.
1,
1+
0)
#14760000
0!
0%
#14765000
1!
1%
#14766000
10
1/
1.
0,
1*
1)
#14770000
0!
0%
#14775000
1!
1%
#14776000
0.
0-
#14780000
0!
0%
#14785000
1!
1%
#14786000
1'
0/
1.
1,
0+
#14790000
0!
0%
#14795000
1!
1%
#14796000
00
1-
#14800000
0!
0%
#14805000
1!
1%
#14806000
10
0.
0-
1+
0*
#14810000
0!
0%
#14815000
1!
1%
#14816000
0'
00
1/
0+
1*
0)
#14820000
0!
0%
#14825000
1!
1%
#14826000
1(
10
0,
1+
1)
#14830000
0!
0%
#14835000
1!
1%
b1100100 1
b11000 5
b11111 6
02
#14836000
1'
0(
0/
1.
1,
0)
#14840000
0!
0%
#14845000
1!
1%
b11000 4
b100000 6
12
#14846000
0,
0+
0*
#14850000
0!
0%
#14855000
1!
1%
#14856000
1(
00
0.
1-
1,
1*
1)
#14860000
0!
0%
#14865000
1!
1%
b1101 1
b11001 5
b11111 6
02
#14866000
1/
1.
1+
#14870000
0!
0%
#14875000
1!
1%
b11001 4
b101 1
b11010 5
#14876000
0.
0-
#14880000
0!
0%
#14885000
1!
1%
b11010 4
b10001101 1
b11011 5
#14886000
0'
0(
1.
1-
0+
0*
0)
#14890000
0!
0%
#14895000
1!
1%
#14896000
10
0/
0-
1+
#14900000
0!
0%
#14905000
1!
1%
#14906000
1'
1/
1-
0+
#14910000
0!
0%
#14915000
1!
1%
b11011 4
b100000 6
12
#14916000
0'
1(
00
0-
0,
1*
#14920000
0!
0%
#14925000
1!
1%
b11111 6
b1100010 1
b11100 5
02
#14926000
0(
10
0.
1-
1+
1)
#14930000
0!
0%
#14935000
1!
1%
#14936000
1(
0/
#14940000
0!
0%
#14945000
1!
1%
b10110 1
b11101 5
b11110 6
#14946000
1'
0(
1.
0+
#14950000
0!
0%
#14955000
1!
1%
b11100 4
b11111 6
#14956000
0'
00
0.
0-
0)
#14960000
0!
0%
#14965000
1!
1%
#14966000
10
1-
1,
1+
#14970000
0!
0%
#14975000
1!
1%
#14976000
1(
00
1/
0,
0+
1)
#14980000
0!
0%
#14985000
1!
1%
b10101001 1
b11110 5
b11110 6
#14986000
1,
1+
#14990000
0!
0%
#14995000
1!
1%
b11101 6
b11010111 1
b11111 5
#14996000
0(
1.
0-
0,
#15000000
0!
0%
#15005000
1!
1%
#15006000
1'
1(
1-
0+
0*
#15010000
0!
0%
#15015000
1!
1%
b10100111 1
b0 5
b11101 4
#15016000
0(
#15020000
0!
0%
#15025000
1!
1%
b11110 6
b11110 4
#15026000
0/
0.
1,
1+
0)
#15030000
0!
0%
#15035000
1!
1%
b11111 4
b11111 6
#15036000
0'
0,
1*
1)
#15040000
0!
0%
#15045000
1!
1%
#15046000
1'
1(
#15050000
0!
0%
#15055000
1!
1%
b11110001 1
b1 5
b0 4
#15056000
1/
1,
0+
0*
#15060000
0!
0%
#15065000
1!
1%
b1 4
b10011100 1
b10 5
#15066000
0(
0/
0-
1*
#15070000
0!
0%
#15075000
1!
1%
b100000 6
b10 4
12
#15076000
1/
1.
1-
0,
1+
0*
#15080000
0!
0%
#15085000
1!
1%
#15086000
10
0.
0-
0+
#15090000
0!
0%
#15095000
1!
1%
#15096000
0/
1,
1+
#15100000
0!
0%
#15105000
1!
1%
#15106000
00
1/
1.
1-
0+
0)
#15110000
0!
0%
#15115000
1!
1%
#15116000
10
0/
1+
#15120000
0!
0%
#15125000
1!
1%
#15126000
1(
1/
0.
0+
1*
#15130000
0!
0%
#15135000
1!
1%
b111 1
b11 5
b11111 6
02
#15136000
00
0/
1.
0,
1)
#15140000
0!
0%
#15145000
1!
1%
b11 4
b11111110 1
b100 5
#15146000
0.
0-
0)
#15150000
0!
0%
#15155000
1!
1%
b100 4
b111011 1
b101 5
#15156000
10
1/
1.
1,
1+
#15160000
0!
0%
#15165000
1!
1%
b101 4
b1001001 1
b110 5
#15166000
00
0.
0+
1)
#15170000
0!
0%
#15175000
1!
1%
b110 4
b11010111 1
b111 5
#15176000
10
1-
0,
0*
#15180000
0!
0%
#15185000
1!
1%
b111 4
b1110010 1
b1000 5
#15186000
0'
0(
00
0/
1,
#15190000
0!
0%
#15195000
1!
1%
#15196000
10
1.
0-
0,
1+
#15200000
0!
0%
#15205000
1!
1%
#15206000
1(
1/
1,
0+
0)
#15210000
0!
0%
#15215000
1!
1%
b10000110 1
b1001 5
b11110 6
#15216000
1'
00
0.
1-
0,
#15220000
0!
0%
#15225000
1!
1%
b1000 4
b10111111 1
b1010 5
#15226000
0(
#15230000
0!
0%
#15235000
1!
1%
b11111 6
b1001 4
#15236000
10
1.
1*
1)
#15240000
0!
0%
#15245000
1!
1%
b1010 4
b100000 6
12
#15246000
0-
1+
0*
#15250000
0!
0%
#15255000
1!
1%
#15256000
1(
0/
0.
1-
1,
0+
1*
0)
#15260000
0!
0%
#15265000
1!
1%
b1000110 1
b1011 5
b11111 6
02
#15266000
0'
00
1/
1.
1+
#15270000
0!
0%
#15275000
1!
1%
b11110 6
b11101000 1
b1100 5
#15276000
0(
10
0/
0.
0*
1)
#15280000
0!
0%
#15285000
1!
1%
#15286000
1'
1(
00
1*
#15290000
0!
0%
#15295000
1!
1%
b1100011 1
b1101 5
b1011 4
#15296000
0'
0(
1/
0+
#15300000
0!
0%
#15305000
1!
1%
#15306000
1(
0/
0,
0*
#15310000
0!
0%
#15315000
1!
1%
b10011000 1
b1110 5
b11101 6
#15316000
1'
0(
1/
1,
1+
0)
#15320000
0!
0%
#15325000
1!
1%
b1100 4
b11110 6
#15326000
1.
0-
1*
#15330000
0!
0%
#15335000
1!
1%
b11111 6
b1101 4
#15336000
0'
1(
10
1-
0,
0+
1)
#15340000
0!
0%
#15345000
1!
1%
b10101000 1
b1111 5
b11110 6
#15346000
1'
0(
00
0.
1,
0*
#15350000
0!
0%
#15355000
1!
1%
b1110 4
b11111 6
#15356000
0/
0-
0,
1+
0)
#15360000
0!
0%
#15365000
1!
1%
b100000 6
b1111 4
12
#15366000
1(
10
1.
1,
1)
#15370000
0!
0%
#15375000
1!
1%
b11110111 1
b10000 5
b11111 6
02
#15376000
0'
0(
1/
0.
0,
1*
0)
#15380000
0!
0%
#15385000
1!
1%
#15386000
1'
1(
00
0/
#15390000
0!
0%
#15395000
1!
1%
b10000010 1
b10001 5
b10000 4
#15396000
0'
0(
10
1.
1-
1,
0*
#15400000
0!
0%
#15405000
1!
1%
#15406000
1(
00
0.
#15410000
0!
0%
#15415000
1!
1%
b100101 1
b10010 5
b11110 6
#15416000
1/
1.
0-
0,
0+
1)
#15420000
0!
0%
#15425000
1!
1%
b11101 6
b1001000 1
b10011 5
#15426000
1'
1-
1,
1*
#15430000
0!
0%
#15435000
1!
1%
b10001 4
b100001 1
b10100 5
#15436000
0(
10
0/
0-
0,
1+
#15440000
0!
0%
#15445000
1!
1%
b11110 6
b10010 4
#15446000
1(
1/
0.
1-
1,
0*
0)
#15450000
0!
0%
#15455000
1!
1%
b10011 4
b11100110 1
b10101 5
#15456000
0'
0/
1.
#15460000
0!
0%
#15465000
1!
1%
b11101 6
b10111000 1
b10110 5
#15466000
0(
0.
0-
0,
1)
#15470000
0!
0%
#15475000
1!
1%
#15476000
00
0+
#15480000
0!
0%
#15485000
1!
1%
#15486000
1'
1.
1-
1,
1+
1*
#15490000
0!
0%
#15495000
1!
1%
b10100 4
b11110 6
#15496000
0'
1(
10
1/
0,
0+
#15500000
0!
0%
#15505000
1!
1%
b11101 6
b1110001 1
b10111 5
#15506000
1'
0(
00
0.
0-
1+
#15510000
0!
0%
#15515000
1!
1%
b10101 4
b11110 6
#15516000
0'
10
0/
1.
0)
#15520000
0!
0%
#15525000
1!
1%
#15526000
00
#15530000
0!
0%
#15535000
1!
1%
#15536000
1(
1/
1,
0+
0*
1)
#15540000
0!
0%
#15545000
1!
1%
b1110101 1
b11000 5
b11101 6
#15546000
0(
0.
1+
1*
0)
#15550000
0!
0%
#15555000
1!
1%
#15556000
1'
10
0/
1.
0,
0*
1)
#15560000
0!
0%
#15565000
1!
1%
b10110 4
b11110 6
#15566000
1(
0.
1-
1,
0+
0)
#15570000
0!
0%
#15575000
1!
1%
b10111 4
b11111110 1
b11001 5
#15576000
0(
00
0,
1+
1)
#15580000
0!
0%
#15585000
1!
1%
b11111 6
b11000 4
#15586000
1(
10
1.
1,
1*
#15590000
0!
0%
#15595000
1!
1%
b11001 4
b11110010 1
b11010 5
#15596000
0'
0.
0,
0+
0*
#15600000
0!
0%
#15605000
1!
1%
b11110 6
b11111 1
b11011 5
#15606000
1'
0(
00
1/
1,
1*
#15610000
0!
0%
#15615000
1!
1%
b11010 4
b11111 6
#15616000
0'
1(
0-
1+
0)
#15620000
0!
0%
#15625000
1!
1%
b11110 6
b11001101 1
b11100 5
#15626000
0(
10
0/
1.
1-
0,
1)
#15630000
0!
0%
#15635000
1!
1%
#15636000
1'
00
1/
0.
0+
0*
#15640000
0!
0%
#15645000
1!
1%
b11011 4
b11111 6
#15646000
0'
10
0/
1.
0-
1+
1*
0)
#15650000
0!
0%
#15655000
1!
1%
#15656000
1'
1-
0*
#15660000
0!
0%
#15665000
1!
1%
b11100 4
b100000 6
12
#15666000
00
1/
0-
1*
#15670000
0!
0%
#15675000
1!
1%
#15676000
0'
0.
1-
1,
0*
#15680000
0!
0%
#15685000
1!
1%
#15686000
1'
1.
0,
0+
#15690000
0!
0%
#15695000
1!
1%
#15696000
0'
10
0/
0.
0-
1,
1+
#15700000
0!
0%
#15705000
1!
1%
#15706000
1(
00
1.
1-
0,
0+
1*
1)
#15710000
0!
0%
#15715000
1!
1%
b10001110 1
b11101 5
b11111 6
02
#15716000
1'
0(
1/
0.
1,
1+
0)
#15720000
0!
0%
#15725000
1!
1%
b11101 4
b100000 6
12
#15726000
0'
1(
0,
0+
#15730000
0!
0%
#15735000
1!
1%
b11111 6
b11110 5
02
#15736000
1'
0(
1.
0-
1,
#15740000
0!
0%
#15745000
1!
1%
b11110 4
b100000 6
12
#15746000
10
1-
0,
1+
0*
1)
#15750000
0!
0%
#15755000
1!
1%
#15756000
1(
0-
1*
0)
#15760000
0!
0%
#15765000
1!
1%
b111000 1
b11111 5
b11111 6
02
#15766000
0'
0/
1,
0+
0*
1)
#15770000
0!
0%
#15775000
1!
1%
b11110 6
b11101000 1
b0 5
#15776000
0(
00
#15780000
0!
0%
#15785000
1!
1%
#15786000
1'
0.
1-
1+
0)
#15790000
0!
0%
#15795000
1!
1%
b11111 4
b11111 6
#15796000
1/
1.
0-
0,
1)
#15800000
0!
0%
#15805000
1!
1%
b100000 6
b0 4
12
#15806000
0'
10
0.
1*
#15810000
0!
0%
#15815000
1!
1%
#15816000
1'
1.
0+
0)
#15820000
0!
0%
#15825000
1!
1%
#15826000
0'
0/
1+
#15830000
0!
0%
#15835000
1!
1%
#15836000
1'
00
1/
0.
1-
1)
#15840000
0!
0%
#15845000
1!
1%
#15846000
10
1.
0-
#15850000
0!
0%
#15855000
1!
1%
#15856000
00
0.
1-
1,
#15860000
0!
0%
#15865000
1!
1%
#15866000
0/
1.
#15870000
0!
0%
#15875000
1!
1%
#15876000
0'
10
1/
0-
0*
0)
#15880000
0!
0%
#15885000
1!
1%
#15886000
00
0.
0+
1*
1)
#15890000
0!
0%
#15895000
1!
1%
#15896000
1'
10
1.
1-
0,
0)
#15900000
0!
0%
#15905000
1!
1%
#15906000
0'
0.
1+
0*
#15910000
0!
0%
#15915000
1!
1%
#15916000
0/
1*
#15920000
0!
0%
#15925000
1!
1%
#15926000
1'
1/
1.
0-
1,
0+
#15930000
0!
0%
#15935000
1!
1%
#15936000
0'
00
0/
0.
0,
#15940000
0!
0%
#15945000
1!
1%
#15946000
10
1/
1.
1,
0*
1)
#15950000
0!
0%
#15955000
1!
1%
#15956000
1'
1(
00
#15960000
0!
0%
#15965000
1!
1%
b10011010 1
b1 5
b11111 6
02
#15966000
0.
1*
#15970000
0!
0%
#15975000
1!
1%
b1 4
b11010000 1
b10 5
#15976000
10
0/
1-
#15980000
0!
0%
#15985000
1!
1%
b10 4
b11001100 1
b11 5
#15986000
0(
00
0-
0,
#15990000
0!
0%
#15995000
1!
1%
b100000 6
b11 4
12
#15996000
1,
1+
0)
#16000000
0!
0%
#16005000
1!
1%
#16006000
1(
1/
1.
0+
1)
#16010000
0!
0%
#16015000
1!
1%
b1000000 1
b100 5
b11111 6
02
#16016000
0/
0.
0,
#16020000
0!
0%
#16025000
1!
1%
b100 4
b1110111 1
b101 5
#16026000
10
1/
1.
1-
1,
1+
0)
#16030000
0!
0%
#16035000
1!
1%
b101 4
b11010010 1
b110 5
#16036000
0'
0(
00
0/
0.
0-
0,
#16040000
0!
0%
#16045000
1!
1%
#16046000
1/
1-
0+
0*
1)
#16050000
0!
0%
#16055000
1!
1%
#16056000
1'
10
0/
1.
1,
1*
#16060000
0!
0%
#16065000
1!
1%
b110 4
b100000 6
12
#16066000
1(
0.
0-
1+
#16070000
0!
0%
#16075000
1!
1%
b11111 6
b10001011 1
b111 5
02
#16076000
0'
0(
1.
1-
0+
0)
#16080000
0!
0%
#16085000
1!
1%
#16086000
1'
00
0.
0-
0*
1)
#16090000
0!
0%
#16095000
1!
1%
b111 4
b100000 6
12
#16096000
1(
1.
0,
1*
0)
#16100000
0!
0%
#16105000
1!
1%
b11111 6
b1010 1
b1000 5
02
#16106000
0'
0(
10
1+
0*
#16110000
0!
0%
#16115000
1!
1%
#16116000
1'
00
1-
1,
1*
#16120000
0!
0%
#16125000
1!
1%
b1000 4
b100000 6
12
#16126000
10
0.
#16130000
0!
0%
#16135000
1!
1%
#16136000
0'
1/
0,
0+
0*
#16140000
0!
0%
#16145000
1!
1%
#16146000
1'
1(
00
0/
1.
0-
1+
1*
1)
#16150000
0!
0%
#16155000
1!
1%
b1001 5
b11111 6
02
#16156000
0'
1/
0.
1-
1,
0*
#16160000
0!
0%
#16165000
1!
1%
b11110 6
b11001111 1
b1010 5
#16166000
0(
10
0-
0,
#16170000
0!
0%
#16175000
1!
1%
#16176000
1'
1(
0/
1.
1-
1,
0+
#16180000
0!
0%
#16185000
1!
1%
b11111000 1
b1011 5
b1001 4
#16186000
0(
1/
#16190000
0!
0%
#16195000
1!
1%
b11111 6
b1010 4
#16196000
0'
00
0-
0,
1*
0)
#16200000
0!
0%
#16205000
1!
1%
#16206000
1'
1(
0/
0.
1,
1+
0*
1)
#16210000
0!
0%
#16215000
1!
1%
b111010 1
b1100 5
b1011 4
#16216000
0+
1*
0)
#16220000
0!
0%
#16225000
1!
1%
b1100 4
b1110110 1
b1101 5
#16226000
10
1/
1-
0,
1+
1)
#16230000
0!
0%
#16235000
1!
1%
b1101 4
b10011010 1
b1110 5
#16236000
0'
00
0/
1.
0-
#16240000
0!
0%
#16245000
1!
1%
b11110 6
b100000 1
b1111 5
#16246000
0(
10
0.
1-
1,
0*
#16250000
0!
0%
#16255000
1!
1%
#16256000
1'
00
0-
0,
1*
0)
#16260000
0!
0%
#16265000
1!
1%
b1110 4
b11111 6
#16266000
10
1/
1.
1,
0*
#16270000
0!
0%
#16275000
1!
1%
b100000 6
b1111 4
12
#16276000
1-
0+
#16280000
0!
0%
#16285000
1!
1%
#16286000
1(
00
0-
1*
1)
#16290000
0!
0%
#16295000
1!
1%
b1100000 1
b10000 5
b11111 6
02
#16296000
0'
1-
0,
1+
#16300000
0!
0%
#16305000
1!
1%
b11110 6
b11011110 1
b10001 5
#16306000
1'
0(
0/
0.
0-
#16310000
0!
0%
#16315000
1!
1%
b10000 4
b11111 6
#16316000
1/
1.
0+
0*
#16320000
0!
0%
#16325000
1!
1%
b100000 6
b10001 4
12
#16326000
10
0/
0.
1-
1,
1+
0)
#16330000
0!
0%
#16335000
1!
1%
#16336000
0'
00
#16340000
0!
0%
#16345000
1!
1%
#16346000
1'
10
0-
0+
1*
#16350000
0!
0%
#16355000
1!
1%
#16356000
1.
0,
1)
#16360000
0!
0%
#16365000
1!
1%
#16366000
0'
00
1/
0.
1-
#16370000
0!
0%
#16375000
1!
1%
#16376000
1'
1(
1.
1,
1+
#16380000
0!
0%
#16385000
1!
1%
b11100101 1
b10010 5
b11111 6
02
#16386000
0'
0(
0-
0*
#16390000
0!
0%
#16395000
1!
1%
#16396000
1'
1(
0/
0.
0,
0+
1*
0)
#16400000
0!
0%
#16405000
1!
1%
b111011 1
b10011 5
b10010 4
#16406000
0(
1.
1-
1,
0*
1)
#16410000
0!
0%
#16415000
1!
1%
b100000 6
b10011 4
12
#16416000
1/
0.
0,
1*
0)
#16420000
0!
0%
#16425000
1!
1%
#16426000
10
0/
0-
1,
#16430000
0!
0%
#16435000
1!
1%
#16436000
0'
1(
1.
0*
1)
#16440000
0!
0%
#16445000
1!
1%
b11111100 1
b10100 5
b11111 6
02
#16446000
0(
00
1/
0.
1+
1*
0)
#16450000
0!
0%
#16455000
1!
1%
#16456000
10
1.
1-
0*
1)
#16460000
0!
0%
#16465000
1!
1%
#16466000
1'
00
0/
0-
1*
0)
#16470000
0!
0%
#16475000
1!
1%
b10100 4
b100000 6
12
#16476000
1(
10
0.
0+
1)
#16480000
0!
0%
#16485000
1!
1%
b11111 6
b11100010 1
b10101 5
02
#16486000
0'
1/
1-
1+
0)
#16490000
0!
0%
#16495000
1!
1%
b10100101 1
b10110 5
b11110 6
#16496000
1'
0(
1)
#16500000
0!
0%
#16505000
1!
1%
b10101 4
b11111 6
#16506000
00
0/
1.
0,
0*
#16510000
0!
0%
#16515000
1!
1%
b100000 6
b10110 4
12
#16516000
10
1/
0.
1,
1*
#16520000
0!
0%
#16525000
1!
1%
#16526000
1(
00
0/
0,
0)
#16530000
0!
0%
#16535000
1!
1%
b11001 1
b10111 5
b11111 6
02
#16536000
0'
10
1.
1,
0+
1)
#16540000
0!
0%
#16545000
1!
1%
b11110 6
b10101000 1
b11000 5
#16546000
1'
0(
00
1/
0.
0-
1+
0)
#16550000
0!
0%
#16555000
1!
1%
b10111 4
b11111 6
#16556000
0'
1(
0/
0+
#16560000
0!
0%
#16565000
1!
1%
b11110 6
b11111101 1
b11001 5
#16566000
1'
0(
10
1.
1-
1+
0*
#16570000
0!
0%
#16575000
1!
1%
b11000 4
b11111 6
#16576000
0'
1(
0-
0,
1*
1)
#16580000
0!
0%
#16585000
1!
1%
b11110 6
b11011010 1
b11010 5
#16586000
1'
00
1,
#16590000
0!
0%
#16595000
1!
1%
b11001 4
b10001010 1
b11011 5
#16596000
0(
1/
0*
#16600000
0!
0%
#16605000
1!
1%
b11111 6
b11010 4
#16606000
10
0/
0,
0)
#16610000
0!
0%
#16615000
1!
1%
b11011 4
b100000 6
12
#16616000
1(
1/
1-
1,
0+
1*
1)
#16620000
0!
0%
#16625000
1!
1%
b11111 6
b101101 1
b11100 5
02
#16626000
0(
00
0.
1+
0*
#16630000
0!
0%
#16635000
1!
1%
b11100 4
b100000 6
12
#16636000
1(
0/
1.
0-
1*
#16640000
0!
0%
#16645000
1!
1%
b11111 6
b1111010 1
b11101 5
02
#16646000
0(
0.
0+
0*
#16650000
0!
0%
#16655000
1!
1%
b11101 4
b100000 6
12
#16656000
0'
10
1.
0,
1+
#16660000
0!
0%
#16665000
1!
1%
#16666000
1'
1-
1*
#16670000
0!
0%
#16675000
1!
1%
#16676000
00
0+
0*
#16680000
0!
0%
#16685000
1!
1%
#16686000
0'
1(
10
1/
0.
0-
1,
1*
#16690000
0!
0%
#16695000
1!
1%
b1010110 1
b11110 5
b11111 6
02
#16696000
1'
0(
1+
0)
#16700000
0!
0%
#16705000
1!
1%
b11110 4
b100000 6
12
#16706000
0'
1(
00
#16710000
0!
0%
#16715000
1!
1%
b11111 6
b111000 1
b11111 5
02
#16716000
1'
0(
0,
0+
#16720000
0!
0%
#16725000
1!
1%
b11111 4
b100000 6
12
#16726000
0'
0/
1.
0*
1)
#16730000
0!
0%
#16735000
1!
1%
#16736000
1/
0.
1,
1+
1*
0)
#16740000
0!
0%
#16745000
1!
1%
#16746000
1'
0/
1.
0*
1)
#16750000
0!
0%
#16755000
1!
1%
#16756000
0.
1-
#16760000
0!
0%
#16765000
1!
1%
#16766000
1(
1/
1.
0+
#16770000
0!
0%
#16775000
1!
1%
b10100110 1
b0 5
b11111 6
02
#16776000
0'
0(
0/
0.
0,
1+
0)
#16780000
0!
0%
#16785000
1!
1%
#16786000
1/
1.
1)
#16790000
0!
0%
#16795000
1!
1%
#16796000
1'
1(
10
0.
0-
1*
0)
#16800000
0!
0%
#16805000
1!
1%
b11010010 1
b1 5
b0 4
#16806000
1.
1,
1)
#16810000
0!
0%
#16815000
1!
1%
b1 4
b11011001 1
b10 5
#16816000
0(
0/
0+
0*
0)
#16820000
0!
0%
#16825000
1!
1%
b100000 6
b10 4
12
#16826000
0'
1(
00
1/
0.
1-
1*
#16830000
0!
0%
#16835000
1!
1%
b11000000 1
b11 5
b11111 6
02
#16836000
1'
0(
10
0/
0-
0,
1)
#16840000
0!
0%
#16845000
1!
1%
b11 4
b100000 6
12
#16846000
1/
1,
1+
0*
0)
#16850000
0!
0%
#16855000
1!
1%
#16856000
1(
1.
1-
0,
0+
#16860000
0!
0%
#16865000
1!
1%
b100 5
b11111 6
02
#16866000
0-
1*
1)
#16870000
0!
0%
#16875000
1!
1%
b100 4
b1111111 1
b101 5
#16876000
00
0/
0.
1+
0)
#16880000
0!
0%
#16885000
1!
1%
b101 4
b11011101 1
b110 5
#16886000
0'
1/
1-
0+
#16890000
0!
0%
#16895000
1!
1%
b11110 6
b10010000 1
b111 5
#16896000
1'
0(
10
1.
0-
1,
0*
#16900000
0!
0%
#16905000
1!
1%
b110 4
b11111 6
#16906000
0'
0/
0.
1*
#16910000
0!
0%
#16915000
1!
1%
#16916000
1/
0,
1+
1)
#16920000
0!
0%
#16925000
1!
1%
#16926000
00
0/
1-
0*
0)
#16930000
0!
0%
#16935000
1!
1%
#16936000
1'
1.
0-
0+
1*
1)
#16940000
0!
0%
#16945000
1!
1%
b111 4
b100000 6
12
#16946000
1(
10
1/
0.
1-
#16950000
0!
0%
#16955000
1!
1%
b11111 6
b1111100 1
b1000 5
02
#16956000
0/
1.
0-
1,
0*
0)
#16960000
0!
0%
#16965000
1!
1%
b1000 4
b10011101 1
b1001 5
#16966000
0'
1/
0,
#16970000
0!
0%
#16975000
1!
1%
b11110 6
b10011111 1
b1010 5
#16976000
1'
0(
00
0/
1-
1*
#16980000
0!
0%
#16985000
1!
1%
b1001 4
b11111 6
#16986000
1/
1,
0*
1)
#16990000
0!
0%
#16995000
1!
1%
b100000 6
b1010 4
12
#16996000
0'
10
0/
0,
1+
1*
#17000000
0!
0%
#17005000
1!
1%
#17006000
1'
00
1/
0-
0*
0)
#17010000
0!
0%
#17015000
1!
1%
#17016000
1(
10
0/
0+
1*
#17020000
0!
0%
#17025000
1!
1%
b10110000 1
b1011 5
b11111 6
02
#17026000
0'
0(
1/
1+
1)
#17030000
0!
0%
#17035000
1!
1%
#17036000
1(
0/
1-
1,
0+
0*
0)
#17040000
0!
0%
#17045000
1!
1%
b1010000 1
b1100 5
b11110 6
#17046000
1'
0(
0.
0,
1+
1*
#17050000
0!
0%
#17055000
1!
1%
b1011 4
b11111 6
#17056000
0'
00
1/
0-
1,
0+
0*
1)
#17060000
0!
0%
#17065000
1!
1%
#17066000
10
1-
1+
#17070000
0!
0%
#17075000
1!
1%
#17076000
1(
0/
1.
0+
1*
#17080000
0!
0%
#17085000
1!
1%
b11101011 1
b1101 5
b11110 6
#17086000
1'
0.
0,
1+
#17090000
0!
0%
#17095000
1!
1%
b1100 4
b1100000 1
b1110 5
#17096000
0'
0(
0-
0+
0*
#17100000
0!
0%
#17105000
1!
1%
#17106000
1'
1/
1-
0)
#17110000
0!
0%
#17115000
1!
1%
b1101 4
b11111 6
#17116000
0'
0/
0-
1,
1+
1*
1)
#17120000
0!
0%
#17125000
1!
1%
#17126000
1'
1/
1.
1-
0*
#17130000
0!
0%
#17135000
1!
1%
b1110 4
b100000 6
12
#17136000
1(
0.
0,
1*
0)
#17140000
0!
0%
#17145000
1!
1%
b11111 6
b110111 1
b1111 5
02
#17146000
0(
00
1.
0*
#17150000
0!
0%
#17155000
1!
1%
b1111 4
b100000 6
12
#17156000
0'
1(
10
0/
0.
1,
0+
1*
1)
#17160000
0!
0%
#17165000
1!
1%
b11111 6
b11100000 1
b10000 5
02
#17166000
1.
0,
1+
0*
#17170000
0!
0%
#17175000
1!
1%
b10000110 1
b10001 5
b11110 6
#17176000
1'
0(
1/
0+
0)
#17180000
0!
0%
#17185000
1!
1%
b10000 4
b11111 6
#17186000
0-
1+
1*
#17190000
0!
0%
#17195000
1!
1%
b100000 6
b10001 4
12
#17196000
0/
0.
0*
1)
#17200000
0!
0%
#17205000
1!
1%
#17206000
0'
00
1/
1.
1-
1,
1*
0)
#17210000
0!
0%
#17215000
1!
1%
#17216000
1'
1(
0.
0-
0+
0*
1)
#17220000
0!
0%
#17225000
1!
1%
b1000000 1
b10010 5
b11111 6
02
#17226000
1.
0,
1*
0)
#17230000
0!
0%
#17235000
1!
1%
b10010 4
b10011100 1
b10011 5
#17236000
0'
0(
10
0/
0*
1)
#17240000
0!
0%
#17245000
1!
1%
#17246000
1'
0)
#17250000
0!
0%
#17255000
1!
1%
b10011 4
b100000 6
12
#17256000
0'
1+
1*
#17260000
0!
0%
#17265000
1!
1%
#17266000
1(
1/
0+
0*
1)
#17270000
0!
0%
#17275000
1!
1%
b1110100 1
b10100 5
b11111 6
02
#17276000
1'
0(
0.
1,
1*
#17280000
0!
0%
#17285000
1!
1%
b10100 4
b100000 6
12
#17286000
00
1-
0,
1+
#17290000
0!
0%
#17295000
1!
1%
#17296000
1(
0/
0-
1,
#17300000
0!
0%
#17305000
1!
1%
b11111011 1
b10101 5
b11111 6
02
#17306000
0'
0(
1.
0,
0+
0)
#17310000
0!
0%
#17315000
1!
1%
#17316000
0.
1-
1)
#17320000
0!
0%
#17325000
1!
1%
#17326000
1/
1.
0-
1,
1+
0)
#17330000
0!
0%
#17335000
1!
1%
#17336000
1'
0/
1-
0*
1)
#17340000
0!
0%
#17345000
1!
1%
b10101 4
b100000 6
12
#17346000
1(
0.
0,
1*
#17350000
0!
0%
#17355000
1!
1%
b11111 6
b10101100 1
b10110 5
02
#17356000
0'
0(
0+
0*
#17360000
0!
0%
#17365000
1!
1%
#17366000
1'
10
1/
1.
0-
1,
1+
1*
#17370000
0!
0%
#17375000
1!
1%
b10110 4
b100000 6
12
#17376000
0.
0,
0+
#17380000
0!
0%
#17385000
1!
1%
#17386000
1(
1.
1+
0*
#17390000
0!
0%
#17395000
1!
1%
b1110010 1
b10111 5
b11111 6
02
#17396000
0(
00
0/
1-
0+
#17400000
0!
0%
#17405000
1!
1%
b10111 4
b100000 6
12
#17406000
10
0-
1+
1*
#17410000
0!
0%
#17415000
1!
1%
#17416000
1(
00
1/
0*
0)
#17420000
0!
0%
#17425000
1!
1%
b111101 1
b11000 5
b11111 6
02
#17426000
10
0/
1-
1,
0+
1*
#17430000
0!
0%
#17435000
1!
1%
b11000 4
b11110100 1
b11001 5
#17436000
00
0.
0,
1+
0*
1)
#17440000
0!
0%
#17445000
1!
1%
b11001 4
b10110110 1
b11010 5
#17446000
0'
0(
1/
0-
1,
0+
#17450000
0!
0%
#17455000
1!
1%
#17456000
1'
1.
0,
1*
#17460000
0!
0%
#17465000
1!
1%
b11010 4
b100000 6
12
#17466000
0'
10
0/
1,
1+
#17470000
0!
0%
#17475000
1!
1%
#17476000
1'
0.
1-
0,
0)
#17480000
0!
0%
#17485000
1!
1%
#17486000
0'
1/
1.
0-
0+
0*
#17490000
0!
0%
#17495000
1!
1%
#17496000
1-
1*
1)
#17500000
0!
0%
#17505000
1!
1%
#17506000
1'
1(
00
0.
1+
0)
#17510000
0!
0%
#17515000
1!
1%
b100101 1
b11011 5
b11111 6
02
#17516000
1.
0-
1,
0*
1)
#17520000
0!
0%
#17525000
1!
1%
b11011 4
b10111010 1
b11100 5
#17526000
0'
0(
10
0/
1*
0)
#17530000
0!
0%
#17535000
1!
1%
#17536000
1(
00
1/
0.
0+
0*
#17540000
0!
0%
#17545000
1!
1%
b10010000 1
b11101 5
b11110 6
#17546000
1'
0(
0/
1+
#17550000
0!
0%
#17555000
1!
1%
b11100 4
b11111 6
#17556000
1(
1/
1-
0,
1)
#17560000
0!
0%
#17565000
1!
1%
b11101 4
b1110011 1
b11110 5
#17566000
0(
10
1.
0-
1,
0+
0)
#17570000
0!
0%
#17575000
1!
1%
b100000 6
b11110 4
12
#17576000
0'
00
0.
1-
1+
#17580000
0!
0%
#17585000
1!
1%
#17586000
1'
10
0/
1.
0-
0,
0+
1*
1)
#17590000
0!
0%
#17595000
1!
1%
#17596000
00
1/
0.
1,
0*
0)
#17600000
0!
0%
#17605000
1!
1%
#17606000
1(
0/
1.
1-
0,
1*
1)
#17610000
0!
0%
#17615000
1!
1%
b1000010 1
b11111 5
b11111 6
02
#17616000
0(
0.
0-
1,
1+
0*
0)
#17620000
0!
0%
#17625000
1!
1%
b11111 4
b100000 6
12
#17626000
0'
1(
1/
1-
0,
0+
1)
#17630000
0!
0%
#17635000
1!
1%
b11111 6
b1100011 1
b0 5
02
#17636000
1'
10
0/
1+
#17640000
0!
0%
#17645000
1!
1%
b0 4
b11110111 1
b1 5
#17646000
0'
1.
0-
#17650000
0!
0%
#17655000
1!
1%
b11110 6
b10101 1
b10 5
#17656000
1'
0(
1/
0.
1,
#17660000
0!
0%
#17665000
1!
1%
b1 4
b11111 6
#17666000
1(
00
1-
0+
1*
0)
#17670000
0!
0%
#17675000
1!
1%
b10 4
b11000001 1
b11 5
#17676000
10
0-
0,
1+
#17680000
0!
0%
#17685000
1!
1%
b11 4
b11000111 1
b100 5
#17686000
1-
1)
#17690000
0!
0%
#17695000
1!
1%
b100 4
b1100000 1
b101 5
#17696000
0'
00
1,
#17700000
0!
0%
#17705000
1!
1%
b11110 6
b10111 1
b110 5
#17706000
1'
0/
0,
0+
0*
#17710000
0!
0%
#17715000
1!
1%
b101 4
b11000100 1
b111 5
#17716000
0-
1,
1+
1*
#17720000
0!
0%
#17725000
1!
1%
b110 4
b10101 1
b1000 5
#17726000
0'
0(
10
1/
0,
0+
0)
#17730000
0!
0%
#17735000
1!
1%
#17736000
0/
1.
1)
#17740000
0!
0%
#17745000
1!
1%
#17746000
1'
0.
0*
0)
#17750000
0!
0%
#17755000
1!
1%
b111 4
b11111 6
#17756000
0'
1.
1+
1*
1)
#17760000
0!
0%
#17765000
1!
1%
#17766000
1'
#17770000
0!
0%
#17775000
1!
1%
b1000 4
b100000 6
12
#17776000
0'
1/
1-
1,
#17780000
0!
0%
#17785000
1!
1%
#17786000
1'
0+
0*
0)
#17790000
0!
0%
#17795000
1!
1%
#17796000
1(
00
0/
0.
0-
0,
1+
1*
1)
#17800000
0!
0%
#17805000
1!
1%
b1001100 1
b1001 5
b11111 6
02
#17806000
0'
10
1-
1,
0*
0)
#17810000
0!
0%
#17815000
1!
1%
b11110 6
b10011110 1
b1010 5
#17816000
1'
0(
1/
0-
0+
1*
#17820000
0!
0%
#17825000
1!
1%
b1001 4
b11111 6
#17826000
0'
1(
00
1)
#17830000
0!
0%
#17835000
1!
1%
b11110 6
b1101001 1
b1011 5
#17836000
0(
10
1.
0,
0)
#17840000
0!
0%
#17845000
1!
1%
#17846000
1'
1(
0/
1,
1+
1)
#17850000
0!
0%
#17855000
1!
1%
b11101001 1
b1100 5
b1010 4
#17856000
0'
0(
1/
0.
1-
0,
0+
#17860000
0!
0%
#17865000
1!
1%
#17866000
1'
1(
00
1,
1+
0*
#17870000
0!
0%
#17875000
1!
1%
b1011 1
b1101 5
b1011 4
#17876000
0'
0(
1.
0-
0,
1*
#17880000
0!
0%
#17885000
1!
1%
#17886000
1(
0.
1-
0+
0)
#17890000
0!
0%
#17895000
1!
1%
b10111111 1
b1110 5
b11101 6
#17896000
1'
0/
1.
0*
1)
#17900000
0!
0%
#17905000
1!
1%
b1100 4
b101110 1
b1111 5
#17906000
0(
10
1/
1,
1*
0)
#17910000
0!
0%
#17915000
1!
1%
b11110 6
b1101 4
#17916000
00
0/
0,
1)
#17920000
0!
0%
#17925000
1!
1%
b1110 4
b11111 6
#17926000
10
1,
1+
0*
0)
#17930000
0!
0%
#17935000
1!
1%
b100000 6
b1111 4
12
#17936000
0'
1/
0.
0+
#17940000
0!
0%
#17945000
1!
1%
#17946000
1(
00
1.
1*
#17950000
0!
0%
#17955000
1!
1%
b1111 1
b10000 5
b11111 6
02
#17956000
10
0/
0.
0,
1+
0*
#17960000
0!
0%
#17965000
1!
1%
b11110 6
b1100111 1
b10001 5
#17966000
1'
0(
00
1.
0-
1,
1*
1)
#17970000
0!
0%
#17975000
1!
1%
b10000 4
b11111 6
#17976000
1(
1/
0.
0*
#17980000
0!
0%
#17985000
1!
1%
b10001 4
b1000110 1
b10010 5
#17986000
10
0/
1.
1-
0+
#17990000
0!
0%
#17995000
1!
1%
b10010 4
b101 1
b10011 5
#17996000
00
0.
1+
1*
#18000000
0!
0%
#18005000
1!
1%
b10011 4
b11010011 1
b10100 5
#18006000
10
1.
0)
#18010000
0!
0%
#18015000
1!
1%
b10100 4
b10111100 1
b10101 5
#18016000
0'
0(
00
1/
0-
0*
1)
#18020000
0!
0%
#18025000
1!
1%
#18026000
1'
10
0/
0+
1*
#18030000
0!
0%
#18035000
1!
1%
b10101 4
b100000 6
12
#18036000
0,
0*
#18040000
0!
0%
#18045000
1!
1%
#18046000
1(
00
0.
1+
1*
#18050000
0!
0%
#18055000
1!
1%
b11110111 1
b10110 5
b11111 6
02
#18056000
0(
1/
0+
0*
#18060000
0!
0%
#18065000
1!
1%
b10110 4
b100000 6
12
#18066000
0/
1-
1+
#18070000
0!
0%
#18075000
1!
1%
#18076000
1(
0-
0)
#18080000
0!
0%
#18085000
1!
1%
b10001100 1
b10111 5
b11111 6
02
#18086000
0'
10
1-
0+
1)
#18090000
0!
0%
#18095000
1!
1%
b11110 6
b1011101 1
b11000 5
#18096000
0(
1/
1.
1*
0)
#18100000
0!
0%
#18105000
1!
1%
#18106000
1'
0-
1,
1+
1)
#18110000
0!
0%
#18115000
1!
1%
b10111 4
b11111 6
#18116000
1(
00
0/
0.
1-
0,
0+
0)
#18120000
0!
0%
#18125000
1!
1%
b11000 4
b10101000 1
b11001 5
#18126000
10
1/
1.
1+
#18130000
0!
0%
#18135000
1!
1%
b11001 4
b11000110 1
b11010 5
#18136000
0(
00
0/
0.
0-
1,
0+
0*
#18140000
0!
0%
#18145000
1!
1%
b100000 6
b11010 4
12
#18146000
10
1.
1-
1+
#18150000
0!
0%
#18155000
1!
1%
#18156000
0'
1(
1/
0.
0-
0+
1*
1)
#18160000
0!
0%
#18165000
1!
1%
b10110110 1
b11011 5
b11111 6
02
#18166000
0/
0,
1+
0)
#18170000
0!
0%
#18175000
1!
1%
b11110 6
b110000 1
b11100 5
#18176000
1'
0(
1.
1,
#18180000
0!
0%
#18185000
1!
1%
b11011 4
b11111 6
#18186000
1/
0.
0,
1)
#18190000
0!
0%
#18195000
1!
1%
b100000 6
b11100 4
12
#18196000
00
0/
1.
1-
1,
0+
#18200000
0!
0%
#18205000
1!
1%
#18206000
1(
#18210000
0!
0%
#18215000
1!
1%
b10101010 1
b11101 5
b11111 6
02
#18216000
0'
0(
1/
0.
0,
1+
0*
0)
#18220000
0!
0%
#18225000
1!
1%
#18226000
1'
1(
10
0/
0-
1)
#18230000
0!
0%
#18235000
1!
1%
b10111 1
b11110 5
b11101 4
#18236000
0(
1,
#18240000
0!
0%
#18245000
1!
1%
b100000 6
b11110 4
12
#18246000
1/
0,
0+
0)
#18250000
0!
0%
#18255000
1!
1%
#18256000
0/
1+
1*
1)
#18260000
0!
0%
#18265000
1!
1%
#18266000
1-
1,
0)
#18270000
0!
0%
#18275000
1!
1%
#18276000
0'
0+
0*
#18280000
0!
0%
#18285000
1!
1%
#18286000
1(
00
1/
1.
0-
1*
1)
#18290000
0!
0%
#18295000
1!
1%
b110000 1
b11111 5
b11111 6
02
#18296000
1'
0(
0.
1-
0,
0*
#18300000
0!
0%
#18305000
1!
1%
b11111 4
b100000 6
12
#18306000
0'
0-
#18310000
0!
0%
#18315000
1!
1%
#18316000
1'
10
0/
1-
1,
#18320000
0!
0%
#18325000
1!
1%
#18326000
00
1.
0,
#18330000
0!
0%
#18335000
1!
1%
#18336000
1/
0.
1+
#18340000
0!
0%
#18345000
1!
1%
#18346000
0'
1.
1,
1*
0)
#18350000
0!
0%
#18355000
1!
1%
#18356000
1'
1(
10
0/
0*
#18360000
0!
0%
#18365000
1!
1%
b10101001 1
b0 5
b11111 6
02
#18366000
00
1/
0.
0-
0+
1*
1)
#18370000
0!
0%
#18375000
1!
1%
b0 4
b10110011 1
b1 5
#18376000
0'
0/
1.
1-
1+
0*
#18380000
0!
0%
#18385000
1!
1%
b11110 6
b1011010 1
b10 5
#18386000
0(
0.
0-
0,
0+
1*
#18390000
0!
0%
#18395000
1!
1%
#18396000
10
1-
1,
1+
#18400000
0!
0%
#18405000
1!
1%
#18406000
1'
00
1/
1.
#18410000
0!
0%
#18415000
1!
1%
b1 4
b11111 6
#18416000
0.
#18420000
0!
0%
#18425000
1!
1%
b100000 6
b10 4
12
#18426000
10
0/
1.
0*
0)
#18430000
0!
0%
#18435000
1!
1%
#18436000
0'
1/
0.
1)
#18440000
0!
0%
#18445000
1!
1%
#18446000
1(
0/
0-
0,
1*
#18450000
0!
0%
#18455000
1!
1%
b1100011 1
b11 5
b11111 6
02
#18456000
00
1-
0+
0*
0)
#18460000
0!
0%
#18465000
1!
1%
b11110 6
b11101011 1
b100 5
#18466000
1'
10
1.
0-
1,
1*
1)
#18470000
0!
0%
#18475000
1!
1%
b11 4
b10001000 1
b101 5
#18476000
0(
00
0.
1-
0,
1+
#18480000
0!
0%
#18485000
1!
1%
b11111 6
b100 4
#18486000
1.
0-
1,
0+
0*
0)
#18490000
0!
0%
#18495000
1!
1%
b101 4
b100000 6
12
#18496000
1+
#18500000
0!
0%
#18505000
1!
1%
#18506000
0'
10
1/
0.
0,
0+
1*
#18510000
0!
0%
#18515000
1!
1%
#18516000
1'
1(
1.
1,
1)
#18520000
0!
0%
#18525000
1!
1%
b11110000 1
b110 5
b11111 6
02
#18526000
0'
0.
0,
0)
#18530000
0!
0%
#18535000
1!
1%
b11110 6
b1 1
b111 5
#18536000
1'
0(
00
1-
1,
#18540000
0!
0%
#18545000
1!
1%
b110 4
b11111 6
#18546000
10
1.
0-
1+
1)
#18550000
0!
0%
#18555000
1!
1%
b100000 6
b111 4
12
#18556000
0'
1(
1-
0+
0*
#18560000
0!
0%
#18565000
1!
1%
b11100101 1
b1000 5
b11111 6
02
#18566000
0(
00
0/
0.
0)
#18570000
0!
0%
#18575000
1!
1%
#18576000
1'
1/
1.
0,
1+
1*
#18580000
0!
0%
#18585000
1!
1%
b1000 4
b100000 6
12
#18586000
1,
0*
#18590000
0!
0%
#18595000
1!
1%
#18596000
1(
10
0/
0,
#18600000
0!
0%
#18605000
1!
1%
b1010011 1
b1001 5
b11111 6
02
#18606000
0(
00
0.
1,
0+
#18610000
0!
0%
#18615000
1!
1%
b1001 4
b100000 6
12
#18616000
0'
1(
10
1/
1.
0,
#18620000
0!
0%
#18625000
1!
1%
b11111 6
b11110101 1
b1010 5
02
#18626000
1'
0(
00
1*
#18630000
0!
0%
#18635000
1!
1%
b1010 4
b100000 6
12
#18636000
1(
0.
1+
0*
1)
#18640000
0!
0%
#18645000
1!
1%
b11111 6
b10111010 1
b1011 5
02
#18646000
0'
0/
1.
0+
#18650000
0!
0%
#18655000
1!
1%
b10001100 1
b1100 5
b11110 6
#18656000
1'
10
1/
0.
0-
1,
#18660000
0!
0%
#18665000
1!
1%
b1011 4
b1011111 1
b1101 5
#18666000
0'
00
0/
1-
0,
1+
1*
#18670000
0!
0%
#18675000
1!
1%
b11101 6
b11001100 1
b1110 5
#18676000
1'
0(
10
1.
1,
0+
0)
#18680000
0!
0%
#18685000
1!
1%
b1100 4
b11110 6
#18686000
0'
1/
0,
#18690000
0!
0%
#18695000
1!
1%
#18696000
1'
1(
00
0.
1+
#18700000
0!
0%
#18705000
1!
1%
b111101 1
b1111 5
b1101 4
#18706000
10
0/
1.
1,
0+
1)
#18710000
0!
0%
#18715000
1!
1%
b1110 4
b11110100 1
b10000 5
#18716000
1/
0.
1+
#18720000
0!
0%
#18725000
1!
1%
b1111 4
b10110010 1
b10001 5
#18726000
0(
0/
1.
0,
0*
#18730000
0!
0%
#18735000
1!
1%
b11111 6
b10000 4
#18736000
1(
1/
0.
1,
0+
1*
0)
#18740000
0!
0%
#18745000
1!
1%
b10001 4
b10011101 1
b10010 5
#18746000
0/
1.
#18750000
0!
0%
#18755000
1!
1%
b10010 4
b11111000 1
b10011 5
#18756000
0'
0(
00
0.
0,
1+
0*
1)
#18760000
0!
0%
#18765000
1!
1%
#18766000
1'
1/
0-
1,
0)
#18770000
0!
0%
#18775000
1!
1%
b10011 4
b100000 6
12
#18776000
1(
10
0/
1.
1-
0+
1*
#18780000
0!
0%
#18785000
1!
1%
b11111 6
b1111101 1
b10100 5
02
#18786000
00
1/
1+
1)
#18790000
0!
0%
#18795000
1!
1%
b10100 4
b11010101 1
b10101 5
#18796000
0'
0.
0-
0,
0)
#18800000
0!
0%
#18805000
1!
1%
b11110 6
b10000010 1
b10110 5
#18806000
10
1.
1-
1,
0+
#18810000
0!
0%
#18815000
1!
1%
b11110111 1
b10111 5
b11101 6
#18816000
1'
0(
00
0/
0.
1+
0*
#18820000
0!
0%
#18825000
1!
1%
b10101 4
b11110 6
#18826000
10
1/
1.
0-
0,
#18830000
0!
0%
#18835000
1!
1%
b11111 6
b10110 4
#18836000
0'
1(
00
0/
0.
0+
#18840000
0!
0%
#18845000
1!
1%
b1001000 1
b11000 5
b11110 6
#18846000
10
1-
1*
#18850000
0!
0%
#18855000
1!
1%
b11101 6
b1101111 1
b11001 5
#18856000
1'
1/
1.
0-
1,
0*
#18860000
0!
0%
#18865000
1!
1%
b10111 4
b10000 1
b11010 5
#18866000
0'
1-
0,
1+
1*
#18870000
0!
0%
#18875000
1!
1%
b11100 6
b1110101 1
b11011 5
#18876000
00
0/
0+
#18880000
0!
0%
#18885000
1!
1%
b11100011 1
b11100 5
b11011 6
#18886000
1'
10
1,
0*
1)
#18890000
0!
0%
#18895000
1!
1%
b11000 4
b10100001 1
b11101 5
#18896000
00
1/
0.
0-
0,
1+
1*
0)
#18900000
0!
0%
#18905000
1!
1%
b11001 4
b10110001 1
b11110 5
#18906000
0/
1-
0+
#18910000
0!
0%
#18915000
1!
1%
b11010 4
b10001010 1
b11111 5
#18916000
0'
10
1.
0-
1,
0*
1)
#18920000
0!
0%
#18925000
1!
1%
b11010 6
b11010010 1
b0 5
#18926000
1'
00
0.
1-
1+
0)
#18930000
0!
0%
#18935000
1!
1%
b11011 4
b11111110 1
b1 5
#18936000
0(
1.
0,
#18940000
0!
0%
#18945000
1!
1%
b11011 6
b11100 4
#18946000
0'
0-
0+
1)
#18950000
0!
0%
#18955000
1!
1%
#18956000
1'
1(
1-
1+
1*
#18960000
0!
0%
#18965000
1!
1%
b11111010 1
b10 5
b11101 4
#18966000
0(
0-
1,
0*
0)
#18970000
0!
0%
#18975000
1!
1%
b11100 6
b11110 4
#18976000
10
0.
0,
0+
1)
#18980000
0!
0%
#18985000
1!
1%
b11111 4
b11101 6
#18986000
00
1.
1,
1+
1*
0)
#18990000
0!
0%
#18995000
1!
1%
b11110 6
b0 4
#18996000
0.
0,
1)
#19000000
0!
0%
#19005000
1!
1%
b1 4
b11111 6
#19006000
1(
10
1/
1-
0+
0*
0)
#19010000
0!
0%
#19015000
1!
1%
b10 4
b11010101 1
b11 5
#19016000
00
1.
0-
1,
1*
1)
#19020000
0!
0%
#19025000
1!
1%
b11 4
b11101000 1
b100 5
#19026000
0(
10
0/
0.
1-
0,
1+
#19030000
0!
0%
#19035000
1!
1%
b100000 6
b100 4
12
#19036000
0'
1(
00
1.
1,
0+
#19040000
0!
0%
#19045000
1!
1%
b10100 1
b101 5
b11111 6
02
#19046000
1'
10
1/
0.
0-
0,
1+
#19050000
0!
0%
#19055000
1!
1%
b101 4
b1011010 1
b110 5
#19056000
0(
00
0/
1-
0+
0)
#19060000
0!
0%
#19065000
1!
1%
b100000 6
b110 4
12
#19066000
10
1/
1.
1,
0*
#19070000
0!
0%
#19075000
1!
1%
#19076000
1*
1)
#19080000
0!
0%
#19085000
1!
1%
#19086000
00
0/
0,
0*
0)
#19090000
0!
0%
#19095000
1!
1%
#19096000
0'
1(
1/
1,
1+
#19100000
0!
0%
#19105000
1!
1%
b11110111 1
b111 5
b11111 6
02
#19106000
0(
0/
0-
1*
#19110000
0!
0%
#19115000
1!
1%
#19116000
1'
1/
0.
1-
0+
0*
1)
#19120000
0!
0%
#19125000
1!
1%
b111 4
b100000 6
12
#19126000
1(
1+
1*
#19130000
0!
0%
#19135000
1!
1%
b11111 6
b1101110 1
b1000 5
02
#19136000
10
0/
0-
0+
0*
0)
#19140000
0!
0%
#19145000
1!
1%
b1000 4
b11000 1
b1001 5
#19146000
0'
0(
00
1/
1-
1+
1*
#19150000
0!
0%
#19155000
1!
1%
#19156000
1'
1.
0-
0+
1)
#19160000
0!
0%
#19165000
1!
1%
b1001 4
b100000 6
12
#19166000
0'
1(
10
0/
0.
1-
0*
#19170000
0!
0%
#19175000
1!
1%
b11111 6
b1001110 1
b1010 5
02
#19176000
1'
0(
00
1.
0,
1*
#19180000
0!
0%
#19185000
1!
1%
b1010 4
b100000 6
12
#19186000
0'
1(
1/
0-
1+
0*
0)
#19190000
0!
0%
#19195000
1!
1%
b11111 6
b10010011 1
b1011 5
02
#19196000
1'
10
0/
0.
1-
1*
1)
#19200000
0!
0%
#19205000
1!
1%
b1011 4
b1011101 1
b1100 5
#19206000
0(
1/
1.
0-
1,
#19210000
0!
0%
#19215000
1!
1%
b100000 6
b1100 4
12
#19216000
00
0*
#19220000
0!
0%
#19225000
1!
1%
#19226000
0'
0/
0,
#19230000
0!
0%
#19235000
1!
1%
#19236000
1'
1(
1-
0+
1*
#19240000
0!
0%
#19245000
1!
1%
b1101010 1
b1101 5
b11111 6
02
#19246000
0(
10
0.
0-
0*
0)
#19250000
0!
0%
#19255000
1!
1%
b1101 4
b100000 6
12
#19256000
1(
00
1.
1-
#19260000
0!
0%
#19265000
1!
1%
b11111 6
b11011101 1
b1110 5
02
#19266000
0'
0(
10
1+
#19270000
0!
0%
#19275000
1!
1%
#19276000
0-
#19280000
0!
0%
#19285000
1!
1%
#19286000
1'
00
1/
0.
0+
#19290000
0!
0%
#19295000
1!
1%
b1110 4
b100000 6
12
#19296000
0'
1(
1.
1-
1,
1+
1*
1)
#19300000
0!
0%
#19305000
1!
1%
b11111 6
b11111011 1
b1111 5
02
#19306000
0(
10
0-
0,
0)
#19310000
0!
0%
#19315000
1!
1%
#19316000
1'
00
0.
1,
0+
0*
#19320000
0!
0%
#19325000
1!
1%
b1111 4
b100000 6
12
#19326000
10
1.
0,
1*
1)
#19330000
0!
0%
#19335000
1!
1%
#19336000
0'
0.
1,
0*
#19340000
0!
0%
#19345000
1!
1%
#19346000
1'
1(
00
1.
1+
0)
#19350000
0!
0%
#19355000
1!
1%
b10101101 1
b10000 5
b11111 6
02
#19356000
0(
1-
0,
0+
#19360000
0!
0%
#19365000
1!
1%
b10000 4
b100000 6
12
#19366000
0-
1,
1)
#19370000
0!
0%
#19375000
1!
1%
#19376000
0'
1(
10
0.
1-
0,
1*
#19380000
0!
0%
#19385000
1!
1%
b1011011 1
b10001 5
b11111 6
02
#19386000
0(
00
0/
1+
0*
0)
#19390000
0!
0%
#19395000
1!
1%
#19396000
1'
1(
0-
1,
1*
1)
#19400000
0!
0%
#19405000
1!
1%
b1011101 1
b10010 5
b10001 4
#19406000
1/
1-
0,
0*
0)
#19410000
0!
0%
#19415000
1!
1%
b10010 4
b110010 1
b10011 5
#19416000
0(
10
0/
0-
1)
#19420000
0!
0%
#19425000
1!
1%
b100000 6
b10011 4
12
#19426000
0'
1(
1/
1.
1-
0+
#19430000
0!
0%
#19435000
1!
1%
b11111110 1
b10100 5
b11111 6
02
#19436000
0(
0/
1+
#19440000
0!
0%
#19445000
1!
1%
#19446000
1'
1(
00
0.
#19450000
0!
0%
#19455000
1!
1%
b111000 1
b10101 5
b10100 4
#19456000
0'
0(
1.
0+
1*
#19460000
0!
0%
#19465000
1!
1%
#19466000
1(
10
1,
1+
0)
#19470000
0!
0%
#19475000
1!
1%
b100111 1
b10110 5
b11110 6
#19476000
1'
00
1/
0.
0,
#19480000
0!
0%
#19485000
1!
1%
b10101 4
b10111 1
b10111 5
#19486000
0(
0/
0-
1,
0*
#19490000
0!
0%
#19495000
1!
1%
b11111 6
b10110 4
#19496000
1(
10
1/
1.
1-
0+
1)
#19500000
0!
0%
#19505000
1!
1%
b10111 4
b10011101 1
b11000 5
#19506000
0(
00
0/
0.
1+
#19510000
0!
0%
#19515000
1!
1%
b100000 6
b11000 4
12
#19516000
1/
1.
0-
0,
1*
0)
#19520000
0!
0%
#19525000
1!
1%
#19526000
1(
10
0/
0.
1-
0+
#19530000
0!
0%
#19535000
1!
1%
b1100010 1
b11001 5
b11111 6
02
#19536000
0*
1)
#19540000
0!
0%
#19545000
1!
1%
b11001 4
b1001000 1
b11010 5
#19546000
0'
1.
0-
1,
#19550000
0!
0%
#19555000
1!
1%
b11110 6
b111000 1
b11011 5
#19556000
1'
0(
00
0,
0)
#19560000
0!
0%
#19565000
1!
1%
b11010 4
b11111 6
#19566000
0'
10
1-
1*
#19570000
0!
0%
#19575000
1!
1%
#19576000
00
0.
0-
1,
1+
#19580000
0!
0%
#19585000
1!
1%
#19586000
10
1/
1.
0,
0*
#19590000
0!
0%
#19595000
1!
1%
#19596000
1'
1(
0/
0+
1*
#19600000
0!
0%
#19605000
1!
1%
b101100 1
b11100 5
b11011 4
#19606000
0'
0(
0.
1,
0*
1)
#19610000
0!
0%
#19615000
1!
1%
#19616000
1'
00
1.
1-
1+
1*
#19620000
0!
0%
#19625000
1!
1%
b11100 4
b100000 6
12
#19626000
0.
0-
0,
0+
0)
#19630000
0!
0%
#19635000
1!
1%
#19636000
1/
1+
#19640000
0!
0%
#19645000
1!
1%
#19646000
1(
10
1.
1,
0+
#19650000
0!
0%
#19655000
1!
1%
b11101100 1
b11101 5
b11111 6
02
#19656000
00
0.
1-
0,
0*
1)
#19660000
0!
0%
#19665000
1!
1%
b11101 4
b110100 1
b11110 5
#19666000
10
0/
1,
0)
#19670000
0!
0%
#19675000
1!
1%
b11110 4
b10000001 1
b11111 5
#19676000
0'
0(
1.
0-
0,
1*
1)
#19680000
0!
0%
#19685000
1!
1%
#19686000
00
0.
1,
0)
#19690000
0!
0%
#19695000
1!
1%
#19696000
1'
10
1.
1-
0,
#19700000
0!
0%
#19705000
1!
1%
b11111 4
b100000 6
12
#19706000
1(
#19710000
0!
0%
#19715000
1!
1%
b11111 6
b1110100 1
b0 5
02
#19716000
0(
0-
1+
#19720000
0!
0%
#19725000
1!
1%
b0 4
b100000 6
12
#19726000
1(
1/
0.
1-
0+
0*
#19730000
0!
0%
#19735000
1!
1%
b11111 6
b11100000 1
b1 5
02
#19736000
00
0/
1.
0-
1,
1)
#19740000
0!
0%
#19745000
1!
1%
b1 4
b1011 1
b10 5
#19746000
0'
0(
10
0,
1+
0)
#19750000
0!
0%
#19755000
1!
1%
#19756000
1/
0.
0+
1)
#19760000
0!
0%
#19765000
1!
1%
#19766000
1.
1+
#19770000
0!
0%
#19775000
1!
1%
#19776000
1'
1(
00
0/
1-
1,
0+
1*
#19780000
0!
0%
#19785000
1!
1%
b11010110 1
b11 5
b10 4
#19786000
0'
1/
0-
0,
0)
#19790000
0!
0%
#19795000
1!
1%
b11110 6
b11101001 1
b100 5
#19796000
1'
0(
0/
1-
1,
1+
#19800000
0!
0%
#19805000
1!
1%
b11 4
b11111 6
#19806000
1(
10
0,
0+
0*
#19810000
0!
0%
#19815000
1!
1%
b100 4
b11100011 1
b101 5
#19816000
0(
1/
#19820000
0!
0%
#19825000
1!
1%
b100000 6
b101 4
12
#19826000
0'
00
0.
1+
1*
#19830000
0!
0%
#19835000
1!
1%
#19836000
10
0/
1)
#19840000
0!
0%
#19845000
1!
1%
#19846000
1'
1,
0+
#19850000
0!
0%
#19855000
1!
1%
#19856000
1/
0,
1+
0)
#19860000
0!
0%
#19865000
1!
1%
#19866000
0'
1(
00
0/
1.
0-
#19870000
0!
0%
#19875000
1!
1%
b1001000 1
b110 5
b11111 6
0